"YEAR","WEEK","BRAND","CATEGORY","NEWSLETTERS_SENT","NEWSLETTERS_OPEN","NEWSLETTERS_CLICKED"
"1","1","Prometheus Publishing","Books","0","0","0"
"1","1","Venus and Sons","Books","2074196","64385","1798"
"1","1","Baccus, Apollo & Rosenkatz","Books","947055","30696","906"
"1","1","Savvy Machines","Appliances","0","0","0"
"1","1","Edison, Tesla & Co","Appliances","0","0","0"
"1","1","Kolben, Daněk","Appliances","0","0","0"
"1","1","International Kitchen Machines","Appliances","0","0","0"
"1","2","Prometheus Publishing","Books","0","0","0"
"1","2","Venus and Sons","Books","1144810","31676","919"
"1","2","Baccus, Apollo & Rosenkatz","Books","0","0","0"
"1","2","Heracles Print","Books","599476","17981","559"
"1","2","Edison, Tesla & Co","Appliances","0","0","0"
"1","2","Kolben, Daněk","Appliances","0","0","0"
"1","2","International Kitchen Machines","Appliances","0","0","0"
"1","3","Prometheus Publishing","Books","1803885","56949","1653"
"1","3","Savvy Machines","Appliances","0","0","0"
"1","3","Edison, Tesla & Co","Appliances","634316","17675","555"
"1","3","International Kitchen Machines","Appliances","2150198","58810","1633"
"1","4","Prometheus Publishing","Books","1096413","30561","971"
"1","4","Venus and Sons","Books","1063172","28918","904"
"1","5","Prometheus Publishing","Books","0","0","0"
"1","5","Venus and Sons","Books","0","0","0"
"1","5","Heracles Print","Books","1980745","54630","1628"
"1","5","Edison, Tesla & Co","Appliances","0","0","0"
"1","5","International Kitchen Machines","Appliances","0","0","0"
"1","6","Venus and Sons","Books","565841","18095","569"
"1","6","Savvy Machines","Appliances","1211121","36658","1024"
"1","6","Kolben, Daněk","Appliances","607625","17343","541"
"1","7","Heracles Print","Books","1118230","30289","968"
"1","7","Kolben, Daněk","Appliances","0","0","0"
"1","7","International Kitchen Machines","Appliances","0","0","0"
"1","8","Prometheus Publishing","Books","1865494","50810","1550"
"1","8","Edison, Tesla & Co","Appliances","0","0","0"
"1","9","Heracles Print","Books","0","0","0"
"1","9","Edison, Tesla & Co","Appliances","946479","28711","928"
"1","10","Venus and Sons","Books","0","0","0"
"1","10","Kolben, Daněk","Appliances","0","0","0"
"1","12","Savvy Machines","Appliances","2029544","58275","1920"
"1","12","International Kitchen Machines","Appliances","2130494","69297","1994"
"1","18","Savvy Machines","Appliances","1914498","60874","1976"
"1","20","Baccus, Apollo & Rosenkatz","Books","942506","26572","844"
"1","29","Kolben, Daněk","Appliances","562161","16285","485"
"1","32","Baccus, Apollo & Rosenkatz","Books","0","0","0"
"1","32","Heracles Print","Books","1182890","50909","2211"
"1","3","Heracles Print","Books","0","0","0"
"1","3","Kolben, Daněk","Appliances","1229110","34556","974"
"1","4","Edison, Tesla & Co","Appliances","1090138","34833","1072"
"1","5","Kolben, Daněk","Appliances","2115138","65331","2020"
"1","6","Edison, Tesla & Co","Appliances","655489","18824","597"
"1","9","Venus and Sons","Books","0","0","0"
"1","9","Baccus, Apollo & Rosenkatz","Books","0","0","0"
"1","10","Prometheus Publishing","Books","0","0","0"
"1","10","Edison, Tesla & Co","Appliances","1821630","49272","1394"
"1","11","Prometheus Publishing","Books","0","0","0"
"1","12","Venus and Sons","Books","1852709","56109","1634"
"1","14","Venus and Sons","Books","0","0","0"
"1","14","International Kitchen Machines","Appliances","0","0","0"
"1","19","Savvy Machines","Appliances","0","0","0"
"1","21","Venus and Sons","Books","0","0","0"
"1","23","Venus and Sons","Books","0","0","0"
"1","26","Kolben, Daněk","Appliances","997411","30379","857"
"1","31","Venus and Sons","Books","2170522","85299","3583"
"1","4","Baccus, Apollo & Rosenkatz","Books","0","0","0"
"1","5","Baccus, Apollo & Rosenkatz","Books","0","0","0"
"1","5","Savvy Machines","Appliances","0","0","0"
"1","6","Prometheus Publishing","Books","1149917","32619","884"
"1","6","Baccus, Apollo & Rosenkatz","Books","556429","16888","527"
"1","7","Prometheus Publishing","Books","640581","19608","618"
"1","7","Savvy Machines","Appliances","0","0","0"
"1","7","Edison, Tesla & Co","Appliances","1115153","31758","906"
"1","9","Savvy Machines","Appliances","0","0","0"
"1","9","Kolben, Daněk","Appliances","0","0","0"
"1","11","Venus and Sons","Books","0","0","0"
"1","11","Edison, Tesla & Co","Appliances","0","0","0"
"1","12","Heracles Print","Books","0","0","0"
"1","15","Edison, Tesla & Co","Appliances","0","0","0"
"1","16","Edison, Tesla & Co","Appliances","0","0","0"
"1","18","Edison, Tesla & Co","Appliances","1277142","34990","975"
"1","21","International Kitchen Machines","Appliances","0","0","0"
"1","1","Heracles Print","Books","0","0","0"
"1","2","Savvy Machines","Appliances","0","0","0"
"1","3","Baccus, Apollo & Rosenkatz","Books","0","0","0"
"1","4","Heracles Print","Books","0","0","0"
"1","6","Heracles Print","Books","904906","27852","906"
"1","6","International Kitchen Machines","Appliances","0","0","0"
"1","7","Venus and Sons","Books","1206478","33391","1003"
"1","8","Baccus, Apollo & Rosenkatz","Books","1123961","35976","1028"
"1","8","Savvy Machines","Appliances","0","0","0"
"1","8","International Kitchen Machines","Appliances","1887864","55406","1514"
"1","9","Prometheus Publishing","Books","0","0","0"
"1","9","International Kitchen Machines","Appliances","1167632","38009","1036"
"1","10","Heracles Print","Books","0","0","0"
"1","11","Savvy Machines","Appliances","0","0","0"
"1","11","Kolben, Daněk","Appliances","0","0","0"
"1","12","Prometheus Publishing","Books","0","0","0"
"1","12","Kolben, Daněk","Appliances","0","0","0"
"1","13","Baccus, Apollo & Rosenkatz","Books","0","0","0"
"1","13","Savvy Machines","Appliances","0","0","0"
"1","14","Prometheus Publishing","Books","964035","31319","924"
"1","14","Savvy Machines","Appliances","0","0","0"
"1","14","Kolben, Daněk","Appliances","0","0","0"
"1","15","Venus and Sons","Books","2153816","68816","2039"
"1","15","Heracles Print","Books","0","0","0"
"1","15","Savvy Machines","Appliances","2187190","68656","2005"
"1","15","Kolben, Daněk","Appliances","1209783","36641","1157"
"1","15","International Kitchen Machines","Appliances","0","0","0"
"1","16","Heracles Print","Books","0","0","0"
"1","16","Kolben, Daněk","Appliances","0","0","0"
"1","16","International Kitchen Machines","Appliances","1100249","33695","1090"
"1","17","Baccus, Apollo & Rosenkatz","Books","0","0","0"
"1","17","Edison, Tesla & Co","Appliances","0","0","0"
"1","19","Prometheus Publishing","Books","0","0","0"
"1","19","Venus and Sons","Books","0","0","0"
"1","19","International Kitchen Machines","Appliances","1192525","37541","1179"
"1","21","Heracles Print","Books","926070","28349","859"
"1","21","Savvy Machines","Appliances","0","0","0"
"1","21","Edison, Tesla & Co","Appliances","1174223","36925","1008"
"1","21","Kolben, Daněk","Appliances","0","0","0"
"1","22","Prometheus Publishing","Books","1048415","31305","979"
"1","22","Savvy Machines","Appliances","0","0","0"
"1","22","International Kitchen Machines","Appliances","1269242","38850","1053"
"1","24","Venus and Sons","Books","0","0","0"
"1","25","Prometheus Publishing","Books","0","0","0"
"1","26","Heracles Print","Books","0","0","0"
"1","28","Prometheus Publishing","Books","2138986","60816","1763"
"1","28","Baccus, Apollo & Rosenkatz","Books","0","0","0"
"1","28","Heracles Print","Books","0","0","0"
"1","29","Prometheus Publishing","Books","2027254","58172","1588"
"1","13","Kolben, Daněk","Appliances","1064081","28759","897"
"1","17","Prometheus Publishing","Books","1083349","33381","906"
"1","4","Kolben, Daněk","Appliances","0","0","0"
"1","8","Venus and Sons","Books","0","0","0"
"1","10","Baccus, Apollo & Rosenkatz","Books","0","0","0"
"1","11","Heracles Print","Books","561460","15221","461"
"1","12","Baccus, Apollo & Rosenkatz","Books","1188433","37558","1113"
"1","12","Edison, Tesla & Co","Appliances","1280647","41146","1226"
"1","13","Venus and Sons","Books","1854768","58608","1627"
"1","13","Heracles Print","Books","0","0","0"
"1","14","Edison, Tesla & Co","Appliances","0","0","0"
"1","15","Baccus, Apollo & Rosenkatz","Books","0","0","0"
"1","16","Prometheus Publishing","Books","0","0","0"
"1","16","Venus and Sons","Books","1088723","35086","952"
"1","16","Baccus, Apollo & Rosenkatz","Books","0","0","0"
"1","16","Savvy Machines","Appliances","0","0","0"
"1","18","Venus and Sons","Books","1148463","32720","1016"
"1","18","Kolben, Daněk","Appliances","941369","30776","884"
"1","18","International Kitchen Machines","Appliances","974626","29968","905"
"1","21","Baccus, Apollo & Rosenkatz","Books","0","0","0"
"1","22","Venus and Sons","Books","0","0","0"
"1","23","International Kitchen Machines","Appliances","0","0","0"
"1","24","Heracles Print","Books","552285","17778","502"
"1","25","Baccus, Apollo & Rosenkatz","Books","623848","16981","535"
"1","27","Baccus, Apollo & Rosenkatz","Books","0","0","0"
"1","8","Heracles Print","Books","0","0","0"
"1","19","Kolben, Daněk","Appliances","1287825","42251","1172"
"1","23","Baccus, Apollo & Rosenkatz","Books","0","0","0"
"1","26","Venus and Sons","Books","1042264","30507","1006"
"1","27","Prometheus Publishing","Books","0","0","0"
"1","30","Kolben, Daněk","Appliances","1868692","81270","2929"
"1","31","Baccus, Apollo & Rosenkatz","Books","0","0","0"
"1","31","International Kitchen Machines","Appliances","0","0","0"
"1","32","Venus and Sons","Books","1046843","45700","1851"
"1","3","Venus and Sons","Books","0","0","0"
"1","4","Savvy Machines","Appliances","0","0","0"
"1","4","International Kitchen Machines","Appliances","0","0","0"
"1","7","Baccus, Apollo & Rosenkatz","Books","0","0","0"
"1","8","Kolben, Daněk","Appliances","0","0","0"
"1","10","Savvy Machines","Appliances","2074142","68263","2042"
"1","10","International Kitchen Machines","Appliances","1312132","37594","1071"
"1","11","Baccus, Apollo & Rosenkatz","Books","1172669","33895","948"
"1","11","International Kitchen Machines","Appliances","0","0","0"
"1","13","Prometheus Publishing","Books","0","0","0"
"1","13","Edison, Tesla & Co","Appliances","2022941","60384","1792"
"1","13","International Kitchen Machines","Appliances","1142220","36219","1052"
"1","14","Baccus, Apollo & Rosenkatz","Books","1147777","37682","1115"
"1","14","Heracles Print","Books","0","0","0"
"1","15","Prometheus Publishing","Books","0","0","0"
"1","17","Venus and Sons","Books","0","0","0"
"1","17","Savvy Machines","Appliances","568273","18093","561"
"1","17","Kolben, Daněk","Appliances","2196632","71910","1957"
"1","18","Prometheus Publishing","Books","0","0","0"
"1","18","Heracles Print","Books","1198166","34036","942"
"1","19","Baccus, Apollo & Rosenkatz","Books","0","0","0"
"1","19","Heracles Print","Books","0","0","0"
"1","20","Prometheus Publishing","Books","0","0","0"
"1","20","Venus and Sons","Books","0","0","0"
"1","20","Edison, Tesla & Co","Appliances","0","0","0"
"1","20","Kolben, Daněk","Appliances","0","0","0"
"1","20","International Kitchen Machines","Appliances","1244222","38303","1145"
"1","21","Prometheus Publishing","Books","573620","16477","520"
"1","22","Baccus, Apollo & Rosenkatz","Books","1072801","33571","1049"
"1","22","Heracles Print","Books","0","0","0"
"1","22","Edison, Tesla & Co","Appliances","0","0","0"
"1","22","Kolben, Daněk","Appliances","1169198","37384","1195"
"1","23","Prometheus Publishing","Books","0","0","0"
"1","23","Heracles Print","Books","2189621","70966","2115"
"1","23","Savvy Machines","Appliances","985942","28411","829"
"1","23","Edison, Tesla & Co","Appliances","0","0","0"
"1","23","Kolben, Daněk","Appliances","0","0","0"
"1","24","Prometheus Publishing","Books","1176104","38135","1093"
"1","24","Baccus, Apollo & Rosenkatz","Books","549092","17832","500"
"1","24","Savvy Machines","Appliances","0","0","0"
"1","24","Edison, Tesla & Co","Appliances","0","0","0"
"1","24","International Kitchen Machines","Appliances","0","0","0"
"1","25","Venus and Sons","Books","0","0","0"
"1","25","Heracles Print","Books","0","0","0"
"1","25","Savvy Machines","Appliances","0","0","0"
"1","25","Edison, Tesla & Co","Appliances","558983","15872","467"
"1","25","International Kitchen Machines","Appliances","0","0","0"
"1","26","Prometheus Publishing","Books","0","0","0"
"1","26","Savvy Machines","Appliances","0","0","0"
"1","26","Edison, Tesla & Co","Appliances","636492","20812","648"
"1","26","International Kitchen Machines","Appliances","643576","19071","535"
"1","27","Venus and Sons","Books","1263172","35718","1173"
"1","27","Heracles Print","Books","950591","29803","854"
"1","27","Savvy Machines","Appliances","1974909","62869","2068"
"1","27","Edison, Tesla & Co","Appliances","0","0","0"
"1","27","Kolben, Daněk","Appliances","0","0","0"
"1","28","Venus and Sons","Books","0","0","0"
"1","28","Savvy Machines","Appliances","0","0","0"
"1","28","Kolben, Daněk","Appliances","1863623","56437","1678"
"1","28","International Kitchen Machines","Appliances","0","0","0"
"1","29","Venus and Sons","Books","986914","27260","806"
"1","29","Baccus, Apollo & Rosenkatz","Books","0","0","0"
"1","29","Heracles Print","Books","601263","17866","562"
"1","29","Savvy Machines","Appliances","2014825","65477","1895"
"1","29","Edison, Tesla & Co","Appliances","0","0","0"
"1","29","International Kitchen Machines","Appliances","0","0","0"
"1","30","Venus and Sons","Books","0","0","0"
"1","30","Baccus, Apollo & Rosenkatz","Books","0","0","0"
"1","30","Heracles Print","Books","0","0","0"
"1","30","Edison, Tesla & Co","Appliances","980749","39190","1415"
"1","30","International Kitchen Machines","Appliances","0","0","0"
"1","31","Edison, Tesla & Co","Appliances","1198642","52027","1878"
"1","31","Kolben, Daněk","Appliances","0","0","0"
"1","32","Savvy Machines","Appliances","0","0","0"
"1","32","Edison, Tesla & Co","Appliances","0","0","0"
"1","32","Kolben, Daněk","Appliances","1943843","71916","2925"
"1","17","Heracles Print","Books","0","0","0"
"1","19","Edison, Tesla & Co","Appliances","1148227","37529","1116"
"1","24","Kolben, Daněk","Appliances","0","0","0"
"1","26","Baccus, Apollo & Rosenkatz","Books","2092796","58315","1745"
"1","28","Edison, Tesla & Co","Appliances","1923194","54236","1780"
"1","30","Prometheus Publishing","Books","1227121","45295","1655"
"1","31","Savvy Machines","Appliances","0","0","0"
"1","32","Prometheus Publishing","Books","0","0","0"
"1","31","Prometheus Publishing","Books","0","0","0"
"1","33","Prometheus Publishing","Books","0","0","0"
"1","33","Baccus, Apollo & Rosenkatz","Books","1810185","67190","2566"
"1","33","Heracles Print","Books","919175","39711","1666"
"1","33","Savvy Machines","Appliances","1003616","38479","1386"
"1","33","Edison, Tesla & Co","Appliances","2132464","85682","3611"
"1","33","Kolben, Daněk","Appliances","0","0","0"
"1","33","International Kitchen Machines","Appliances","645747","28293","1221"
"1","34","Prometheus Publishing","Books","1295909","50623","2208"
"1","34","Heracles Print","Books","965269","36133","1320"
"1","34","Savvy Machines","Appliances","0","0","0"
"1","34","Edison, Tesla & Co","Appliances","0","0","0"
"1","34","International Kitchen Machines","Appliances","0","0","0"
"1","35","Prometheus Publishing","Books","0","0","0"
"1","35","Venus and Sons","Books","0","0","0"
"1","35","Baccus, Apollo & Rosenkatz","Books","1010269","43346","1618"
"1","35","Heracles Print","Books","638224","23146","990"
"1","35","Savvy Machines","Appliances","1251708","54916","1990"
"1","35","Edison, Tesla & Co","Appliances","1157050","45757","1914"
"1","35","Kolben, Daněk","Appliances","0","0","0"
"1","35","International Kitchen Machines","Appliances","930445","40716","1608"
"1","36","Prometheus Publishing","Books","0","0","0"
"1","36","Venus and Sons","Books","0","0","0"
"1","36","Baccus, Apollo & Rosenkatz","Books","582251","21263","920"
"1","36","Heracles Print","Books","1129717","44253","1847"
"1","36","Savvy Machines","Appliances","639932","27916","1163"
"1","36","Edison, Tesla & Co","Appliances","0","0","0"
"1","36","Kolben, Daněk","Appliances","0","0","0"
"1","36","International Kitchen Machines","Appliances","621298","23216","1016"
"1","37","Venus and Sons","Books","0","0","0"
"1","37","Baccus, Apollo & Rosenkatz","Books","0","0","0"
"1","37","Heracles Print","Books","1142241","47936","1751"
"1","37","Savvy Machines","Appliances","0","0","0"
"1","37","Edison, Tesla & Co","Appliances","0","0","0"
"1","37","Kolben, Daněk","Appliances","0","0","0"
"1","38","Venus and Sons","Books","2185361","86884","3519"
"1","38","Baccus, Apollo & Rosenkatz","Books","0","0","0"
"1","38","Savvy Machines","Appliances","2180281","86561","3230"
"1","38","Kolben, Daněk","Appliances","0","0","0"
"1","39","Prometheus Publishing","Books","953584","37879","1504"
"1","39","Baccus, Apollo & Rosenkatz","Books","558255","24094","969"
"1","39","Heracles Print","Books","1112363","43238","1640"
"1","39","Savvy Machines","Appliances","0","0","0"
"1","39","Edison, Tesla & Co","Appliances","1827609","70043","2789"
"1","39","Kolben, Daněk","Appliances","0","0","0"
"1","39","International Kitchen Machines","Appliances","0","0","0"
"1","40","Prometheus Publishing","Books","1203782","52760","2154"
"1","40","Venus and Sons","Books","0","0","0"
"1","40","Baccus, Apollo & Rosenkatz","Books","0","0","0"
"1","40","Heracles Print","Books","653569","24649","1047"
"1","40","Savvy Machines","Appliances","0","0","0"
"1","20","Heracles Print","Books","0","0","0"
"1","20","Savvy Machines","Appliances","934815","28113","786"
"1","25","Kolben, Daněk","Appliances","1055094","31475","934"
"1","27","International Kitchen Machines","Appliances","0","0","0"
"1","31","Heracles Print","Books","0","0","0"
"1","32","International Kitchen Machines","Appliances","1278852","54165","2270"
"1","18","Baccus, Apollo & Rosenkatz","Books","0","0","0"
"1","30","Savvy Machines","Appliances","2000182","75083","2787"
"1","17","International Kitchen Machines","Appliances","0","0","0"
"1","33","Venus and Sons","Books","0","0","0"
"1","34","Venus and Sons","Books","0","0","0"
"1","34","Baccus, Apollo & Rosenkatz","Books","0","0","0"
"1","37","Prometheus Publishing","Books","0","0","0"
"1","37","International Kitchen Machines","Appliances","1059826","40019","1462"
"1","38","Prometheus Publishing","Books","2051625","77732","3203"
"1","38","International Kitchen Machines","Appliances","2038393","74649","2880"
"1","39","Venus and Sons","Books","591645","25541","1095"
"1","40","Edison, Tesla & Co","Appliances","597155","24971","1025"
"1","34","Kolben, Daněk","Appliances","652579","27070","1087"
"1","40","Kolben, Daněk","Appliances","0","0","0"
"1","41","Venus and Sons","Books","910625","33629","1393"
"1","41","Baccus, Apollo & Rosenkatz","Books","0","0","0"
"1","41","Heracles Print","Books","0","0","0"
"1","41","Savvy Machines","Appliances","652464","28025","1032"
"1","41","Edison, Tesla & Co","Appliances","976131","42095","1682"
"1","41","Kolben, Daněk","Appliances","0","0","0"
"1","41","International Kitchen Machines","Appliances","0","0","0"
"1","42","Prometheus Publishing","Books","0","0","0"
"1","42","Venus and Sons","Books","0","0","0"
"1","42","Baccus, Apollo & Rosenkatz","Books","0","0","0"
"1","42","Savvy Machines","Appliances","0","0","0"
"1","42","Edison, Tesla & Co","Appliances","2142984","80000","3102"
"1","42","Kolben, Daněk","Appliances","1004248","38135","1674"
"1","42","International Kitchen Machines","Appliances","1175643","50014","1845"
"1","43","Prometheus Publishing","Books","0","0","0"
"1","43","Baccus, Apollo & Rosenkatz","Books","0","0","0"
"1","43","Heracles Print","Books","1839676","73052","3170"
"1","43","Savvy Machines","Appliances","0","0","0"
"1","43","Kolben, Daněk","Appliances","0","0","0"
"1","43","International Kitchen Machines","Appliances","1146524","42544","1608"
"1","44","Prometheus Publishing","Books","0","0","0"
"1","44","Venus and Sons","Books","1127552","43189","1808"
"1","44","Heracles Print","Books","0","0","0"
"1","44","Savvy Machines","Appliances","0","0","0"
"1","44","Edison, Tesla & Co","Appliances","0","0","0"
"1","44","International Kitchen Machines","Appliances","0","0","0"
"1","45","Prometheus Publishing","Books","1058847","44080","1903"
"1","45","Venus and Sons","Books","0","0","0"
"1","45","Baccus, Apollo & Rosenkatz","Books","0","0","0"
"1","45","Heracles Print","Books","1209130","51658","2066"
"1","45","Savvy Machines","Appliances","561068","22902","895"
"1","45","Kolben, Daněk","Appliances","0","0","0"
"1","45","International Kitchen Machines","Appliances","0","0","0"
"1","46","Prometheus Publishing","Books","1028111","39470","1437"
"1","46","Venus and Sons","Books","1315022","51818","2226"
"1","46","Baccus, Apollo & Rosenkatz","Books","0","0","0"
"1","46","Heracles Print","Books","0","0","0"
"1","46","Savvy Machines","Appliances","0","0","0"
"1","46","Edison, Tesla & Co","Appliances","0","0","0"
"1","46","International Kitchen Machines","Appliances","0","0","0"
"1","47","Prometheus Publishing","Books","925927","36271","1574"
"1","47","Venus and Sons","Books","0","0","0"
"1","47","Baccus, Apollo & Rosenkatz","Books","0","0","0"
"1","47","Savvy Machines","Appliances","1080478","40153","1573"
"1","47","Edison, Tesla & Co","Appliances","0","0","0"
"1","47","Kolben, Daněk","Appliances","959037","37098","1382"
"1","48","Prometheus Publishing","Books","658625","28118","1228"
"1","48","Venus and Sons","Books","0","0","0"
"1","48","Heracles Print","Books","1050407","42731","1681"
"1","48","International Kitchen Machines","Appliances","1992559","79946","3468"
"1","49","Prometheus Publishing","Books","0","0","0"
"1","49","Venus and Sons","Books","1005073","42052","1813"
"1","49","Baccus, Apollo & Rosenkatz","Books","0","0","0"
"1","49","Heracles Print","Books","965053","35254","1415"
"1","49","Savvy Machines","Appliances","0","0","0"
"1","49","Kolben, Daněk","Appliances","1133082","47303","1835"
"1","49","International Kitchen Machines","Appliances","0","0","0"
"1","50","Prometheus Publishing","Books","1252608","46918","1570"
"1","50","Venus and Sons","Books","1116508","40977","1457"
"1","50","Baccus, Apollo & Rosenkatz","Books","0","0","0"
"1","50","Heracles Print","Books","2082021","70722","2445"
"1","50","Savvy Machines","Appliances","1220836","39579","1280"
"1","50","Edison, Tesla & Co","Appliances","583895","18961","659"
"1","50","International Kitchen Machines","Appliances","0","0","0"
"1","51","Prometheus Publishing","Books","968189","35475","1127"
"1","51","Venus and Sons","Books","0","0","0"
"1","51","Baccus, Apollo & Rosenkatz","Books","0","0","0"
"1","51","Heracles Print","Books","568090","18182","690"
"1","51","Savvy Machines","Appliances","1141810","40517","1380"
"1","51","Edison, Tesla & Co","Appliances","0","0","0"
"1","51","Kolben, Daněk","Appliances","573521","20546","732"
"1","51","International Kitchen Machines","Appliances","979094","36508","1340"
"1","52","Prometheus Publishing","Books","1096352","42122","1448"
"1","52","Venus and Sons","Books","1094927","41953","1542"
"1","52","Heracles Print","Books","2121029","74817","2580"
"2","1","Prometheus Publishing","Books","2070981","61220","1859"
"2","1","Venus and Sons","Books","0","0","0"
"2","1","Baccus, Apollo & Rosenkatz","Books","0","0","0"
"2","1","Edison, Tesla & Co","Appliances","0","0","0"
"2","1","Kolben, Daněk","Appliances","1397027","40365","1240"
"2","2","Prometheus Publishing","Books","0","0","0"
"2","2","Venus and Sons","Books","690391","22017","617"
"2","2","Kolben, Daněk","Appliances","0","0","0"
"2","3","Prometheus Publishing","Books","0","0","0"
"2","3","Venus and Sons","Books","0","0","0"
"2","3","Baccus, Apollo & Rosenkatz","Books","688758","19630","583"
"2","3","Heracles Print","Books","2332250","71621","1949"
"2","3","Savvy Machines","Appliances","0","0","0"
"2","3","Edison, Tesla & Co","Appliances","1076341","32676","994"
"2","3","Kolben, Daněk","Appliances","2122191","61433","1686"
"2","4","Venus and Sons","Books","0","0","0"
"2","4","Kolben, Daněk","Appliances","2317282","73622","2299"
"2","4","International Kitchen Machines","Appliances","0","0","0"
"2","5","Venus and Sons","Books","1497515","43545","1376"
"2","5","Baccus, Apollo & Rosenkatz","Books","0","0","0"
"2","5","Heracles Print","Books","631974","18262","514"
"2","5","Savvy Machines","Appliances","1244196","40423","1131"
"2","5","Edison, Tesla & Co","Appliances","0","0","0"
"2","5","Kolben, Daněk","Appliances","669858","18752","525"
"2","5","International Kitchen Machines","Appliances","0","0","0"
"2","6","Savvy Machines","Appliances","2438111","69610","2095"
"2","6","Edison, Tesla & Co","Appliances","721334","22532","675"
"2","7","Prometheus Publishing","Books","0","0","0"
"2","7","Baccus, Apollo & Rosenkatz","Books","0","0","0"
"2","7","Heracles Print","Books","661100","20527","643"
"2","7","Savvy Machines","Appliances","0","0","0"
"2","7","Edison, Tesla & Co","Appliances","2113702","63210","1936"
"2","8","Heracles Print","Books","0","0","0"
"2","8","Savvy Machines","Appliances","0","0","0"
"2","8","Edison, Tesla & Co","Appliances","0","0","0"
"2","8","Kolben, Daněk","Appliances","683300","19482","620"
"2","8","International Kitchen Machines","Appliances","655855","19779","616"
"2","9","Prometheus Publishing","Books","0","0","0"
"2","9","Heracles Print","Books","0","0","0"
"2","9","Savvy Machines","Appliances","0","0","0"
"2","9","Edison, Tesla & Co","Appliances","1394067","42677","1369"
"2","9","International Kitchen Machines","Appliances","1098802","30317","857"
"2","10","Venus and Sons","Books","0","0","0"
"2","10","Baccus, Apollo & Rosenkatz","Books","0","0","0"
"2","10","Heracles Print","Books","0","0","0"
"2","10","Savvy Machines","Appliances","0","0","0"
"2","10","Kolben, Daněk","Appliances","0","0","0"
"2","11","Baccus, Apollo & Rosenkatz","Books","1482196","45387","1288"
"2","11","Savvy Machines","Appliances","1271621","35893","969"
"2","11","Kolben, Daněk","Appliances","0","0","0"
"2","12","Venus and Sons","Books","1501365","46056","1322"
"2","12","Savvy Machines","Appliances","0","0","0"
"2","12","Edison, Tesla & Co","Appliances","0","0","0"
"2","12","Kolben, Daněk","Appliances","0","0","0"
"2","12","International Kitchen Machines","Appliances","2126249","67722","1953"
"2","13","Baccus, Apollo & Rosenkatz","Books","1439940","41213","1195"
"2","13","Heracles Print","Books","0","0","0"
"2","14","Venus and Sons","Books","1267116","41478","1355"
"2","14","Baccus, Apollo & Rosenkatz","Books","2351387","75331","2445"
"2","14","Savvy Machines","Appliances","0","0","0"
"2","14","Edison, Tesla & Co","Appliances","0","0","0"
"2","14","Kolben, Daněk","Appliances","1081414","34642","1018"
"2","14","International Kitchen Machines","Appliances","0","0","0"
"2","15","Venus and Sons","Books","0","0","0"
"2","15","Baccus, Apollo & Rosenkatz","Books","1324402","42778","1358"
"2","15","Kolben, Daněk","Appliances","0","0","0"
"2","15","International Kitchen Machines","Appliances","655446","17913","493"
"1","47","International Kitchen Machines","Appliances","0","0","0"
"2","2","Heracles Print","Books","0","0","0"
"2","3","International Kitchen Machines","Appliances","1281874","40061","1129"
"2","4","Prometheus Publishing","Books","0","0","0"
"2","6","Prometheus Publishing","Books","0","0","0"
"2","7","Venus and Sons","Books","0","0","0"
"2","7","International Kitchen Machines","Appliances","0","0","0"
"2","9","Baccus, Apollo & Rosenkatz","Books","1329287","41758","1163"
"2","10","Prometheus Publishing","Books","0","0","0"
"2","10","Edison, Tesla & Co","Appliances","0","0","0"
"2","10","International Kitchen Machines","Appliances","628067","18738","542"
"2","11","Prometheus Publishing","Books","0","0","0"
"2","12","Baccus, Apollo & Rosenkatz","Books","0","0","0"
"2","13","Venus and Sons","Books","0","0","0"
"2","15","Edison, Tesla & Co","Appliances","0","0","0"
"2","16","Prometheus Publishing","Books","0","0","0"
"2","16","Baccus, Apollo & Rosenkatz","Books","1101525","35149","1037"
"2","16","Heracles Print","Books","0","0","0"
"2","16","Edison, Tesla & Co","Appliances","1266378","41403","1335"
"2","16","International Kitchen Machines","Appliances","0","0","0"
"2","17","Venus and Sons","Books","0","0","0"
"2","17","Baccus, Apollo & Rosenkatz","Books","1130934","32223","938"
"2","17","Edison, Tesla & Co","Appliances","0","0","0"
"2","17","Kolben, Daněk","Appliances","0","0","0"
"2","17","International Kitchen Machines","Appliances","2217208","69578","2087"
"2","18","Baccus, Apollo & Rosenkatz","Books","1103231","32613","910"
"2","18","Savvy Machines","Appliances","0","0","0"
"2","19","Prometheus Publishing","Books","0","0","0"
"2","19","Venus and Sons","Books","0","0","0"
"2","19","Baccus, Apollo & Rosenkatz","Books","2523772","71434","2021"
"2","19","Heracles Print","Books","0","0","0"
"2","19","Kolben, Daněk","Appliances","0","0","0"
"2","20","Prometheus Publishing","Books","0","0","0"
"2","20","Venus and Sons","Books","1095253","34657","949"
"2","20","Heracles Print","Books","0","0","0"
"2","20","Edison, Tesla & Co","Appliances","0","0","0"
"2","21","Prometheus Publishing","Books","2175046","67258","2078"
"2","21","Kolben, Daněk","Appliances","0","0","0"
"2","22","Prometheus Publishing","Books","0","0","0"
"2","22","Edison, Tesla & Co","Appliances","1297165","37976","1215"
"2","22","International Kitchen Machines","Appliances","0","0","0"
"2","23","Venus and Sons","Books","1133358","36031","1049"
"2","23","Baccus, Apollo & Rosenkatz","Books","0","0","0"
"2","23","Savvy Machines","Appliances","738203","22372","690"
"2","23","Edison, Tesla & Co","Appliances","635334","18064","583"
"2","23","International Kitchen Machines","Appliances","0","0","0"
"2","24","Prometheus Publishing","Books","1121515","33298","939"
"2","24","Baccus, Apollo & Rosenkatz","Books","0","0","0"
"2","24","Heracles Print","Books","0","0","0"
"2","24","Edison, Tesla & Co","Appliances","0","0","0"
"2","24","Kolben, Daněk","Appliances","2085553","66485","1877"
"2","24","International Kitchen Machines","Appliances","0","0","0"
"2","25","Prometheus Publishing","Books","2421454","70911","2302"
"2","25","Venus and Sons","Books","0","0","0"
"2","25","Edison, Tesla & Co","Appliances","0","0","0"
"2","25","International Kitchen Machines","Appliances","1253645","36090","1037"
"2","26","Prometheus Publishing","Books","0","0","0"
"2","26","Baccus, Apollo & Rosenkatz","Books","739263","21159","639"
"2","26","Heracles Print","Books","0","0","0"
"2","26","Savvy Machines","Appliances","0","0","0"
"2","26","Edison, Tesla & Co","Appliances","0","0","0"
"2","26","Kolben, Daněk","Appliances","0","0","0"
"2","27","Venus and Sons","Books","0","0","0"
"2","27","Savvy Machines","Appliances","0","0","0"
"2","27","Edison, Tesla & Co","Appliances","0","0","0"
"2","27","Kolben, Daněk","Appliances","623004","19775","640"
"2","27","International Kitchen Machines","Appliances","0","0","0"
"2","28","Venus and Sons","Books","2356495","74812","2058"
"2","28","Baccus, Apollo & Rosenkatz","Books","0","0","0"
"2","28","Savvy Machines","Appliances","0","0","0"
"2","28","International Kitchen Machines","Appliances","631213","19181","553"
"2","29","Venus and Sons","Books","1363125","43446","1277"
"2","29","Baccus, Apollo & Rosenkatz","Books","700986","21839","641"
"2","30","Edison, Tesla & Co","Appliances","642545","26055","1043"
"2","31","Heracles Print","Books","0","0","0"
"2","31","Savvy Machines","Appliances","1209430","47834","1959"
"2","31","International Kitchen Machines","Appliances","0","0","0"
"2","32","Savvy Machines","Appliances","0","0","0"
"2","32","Kolben, Daněk","Appliances","0","0","0"
"2","32","International Kitchen Machines","Appliances","0","0","0"
"2","33","Baccus, Apollo & Rosenkatz","Books","736421","29091","1169"
"2","33","Heracles Print","Books","0","0","0"
"2","34","Prometheus Publishing","Books","0","0","0"
"2","34","International Kitchen Machines","Appliances","0","0","0"
"2","35","Baccus, Apollo & Rosenkatz","Books","733276","27355","1073"
"2","35","Heracles Print","Books","0","0","0"
"2","35","Edison, Tesla & Co","Appliances","0","0","0"
"2","35","International Kitchen Machines","Appliances","1270221","52888","2076"
"2","36","Venus and Sons","Books","2113147","87084","3526"
"2","36","Heracles Print","Books","0","0","0"
"2","36","Savvy Machines","Appliances","0","0","0"
"2","37","Kolben, Daněk","Appliances","0","0","0"
"2","38","Prometheus Publishing","Books","0","0","0"
"2","38","Edison, Tesla & Co","Appliances","0","0","0"
"2","38","Kolben, Daněk","Appliances","2486588","91834","3951"
"2","39","Prometheus Publishing","Books","0","0","0"
"2","39","Venus and Sons","Books","0","0","0"
"2","39","Baccus, Apollo & Rosenkatz","Books","0","0","0"
"2","39","Heracles Print","Books","2172289","94467","4082"
"2","39","Edison, Tesla & Co","Appliances","0","0","0"
"2","40","Heracles Print","Books","0","0","0"
"2","40","Savvy Machines","Appliances","2301152","99312","4046"
"2","41","Prometheus Publishing","Books","711554","30947","1305"
"2","41","Venus and Sons","Books","0","0","0"
"2","41","Baccus, Apollo & Rosenkatz","Books","0","0","0"
"2","41","Savvy Machines","Appliances","0","0","0"
"2","41","International Kitchen Machines","Appliances","2386806","103539","3838"
"2","42","Prometheus Publishing","Books","1155905","44310","1715"
"2","42","Venus and Sons","Books","0","0","0"
"2","42","Baccus, Apollo & Rosenkatz","Books","2394747","91766","3410"
"2","42","Edison, Tesla & Co","Appliances","0","0","0"
"2","42","International Kitchen Machines","Appliances","1388898","50612","2019"
"2","43","Heracles Print","Books","0","0","0"
"2","43","Edison, Tesla & Co","Appliances","0","0","0"
"2","43","Kolben, Daněk","Appliances","728976","27551","1103"
"2","44","Prometheus Publishing","Books","0","0","0"
"2","44","Baccus, Apollo & Rosenkatz","Books","2332892","98513","4014"
"2","44","Savvy Machines","Appliances","0","0","0"
"2","44","Kolben, Daněk","Appliances","0","0","0"
"1","38","Heracles Print","Books","0","0","0"
"1","38","Edison, Tesla & Co","Appliances","0","0","0"
"1","40","International Kitchen Machines","Appliances","656653","25171","976"
"1","42","Heracles Print","Books","1811519","74649","2708"
"1","43","Venus and Sons","Books","0","0","0"
"1","43","Edison, Tesla & Co","Appliances","0","0","0"
"1","44","Baccus, Apollo & Rosenkatz","Books","586201","23616","1009"
"1","44","Kolben, Daněk","Appliances","0","0","0"
"1","45","Edison, Tesla & Co","Appliances","1099076","44926","1748"
"1","46","Kolben, Daněk","Appliances","1277556","53090","2072"
"1","47","Heracles Print","Books","0","0","0"
"1","48","Baccus, Apollo & Rosenkatz","Books","0","0","0"
"1","48","Savvy Machines","Appliances","0","0","0"
"1","48","Edison, Tesla & Co","Appliances","0","0","0"
"1","49","Edison, Tesla & Co","Appliances","632151","26166","1096"
"1","50","Kolben, Daněk","Appliances","0","0","0"
"1","52","Baccus, Apollo & Rosenkatz","Books","1202926","39137","1443"
"1","52","Savvy Machines","Appliances","0","0","0"
"1","52","Edison, Tesla & Co","Appliances","0","0","0"
"1","52","Kolben, Daněk","Appliances","0","0","0"
"2","1","Heracles Print","Books","2461311","69576","2258"
"2","1","International Kitchen Machines","Appliances","0","0","0"
"2","2","Baccus, Apollo & Rosenkatz","Books","2188635","68449","2189"
"2","2","Savvy Machines","Appliances","0","0","0"
"2","2","Edison, Tesla & Co","Appliances","635440","17185","544"
"2","2","International Kitchen Machines","Appliances","0","0","0"
"2","4","Baccus, Apollo & Rosenkatz","Books","1511333","41989","1224"
"2","4","Heracles Print","Books","1512702","48711","1561"
"2","4","Savvy Machines","Appliances","1185666","35378","1029"
"2","4","Edison, Tesla & Co","Appliances","1379087","43079","1355"
"2","5","Prometheus Publishing","Books","1405874","41023","1335"
"2","6","Venus and Sons","Books","0","0","0"
"2","6","Baccus, Apollo & Rosenkatz","Books","0","0","0"
"2","6","Heracles Print","Books","0","0","0"
"2","6","Kolben, Daněk","Appliances","0","0","0"
"2","8","Prometheus Publishing","Books","0","0","0"
"2","8","Venus and Sons","Books","2462628","77952","2516"
"2","8","Baccus, Apollo & Rosenkatz","Books","2184387","65828","1826"
"2","22","Baccus, Apollo & Rosenkatz","Books","0","0","0"
"2","23","Heracles Print","Books","1418927","39607","1278"
"2","24","Savvy Machines","Appliances","0","0","0"
"2","27","Baccus, Apollo & Rosenkatz","Books","0","0","0"
"2","29","Heracles Print","Books","1395123","39821","1076"
"2","30","Baccus, Apollo & Rosenkatz","Books","0","0","0"
"2","30","Savvy Machines","Appliances","0","0","0"
"2","37","Venus and Sons","Books","0","0","0"
"2","37","International Kitchen Machines","Appliances","0","0","0"
"2","39","Savvy Machines","Appliances","1248741","49746","2054"
"2","42","Savvy Machines","Appliances","0","0","0"
"1","41","Prometheus Publishing","Books","0","0","0"
"1","52","International Kitchen Machines","Appliances","0","0","0"
"2","6","International Kitchen Machines","Appliances","2358208","73184","2182"
"2","7","Kolben, Daněk","Appliances","0","0","0"
"2","9","Venus and Sons","Books","0","0","0"
"2","9","Kolben, Daněk","Appliances","0","0","0"
"2","11","Venus and Sons","Books","1254946","38810","1151"
"2","11","Heracles Print","Books","0","0","0"
"2","11","Edison, Tesla & Co","Appliances","0","0","0"
"2","11","International Kitchen Machines","Appliances","673566","19723","576"
"2","12","Prometheus Publishing","Books","0","0","0"
"2","12","Heracles Print","Books","0","0","0"
"2","13","Prometheus Publishing","Books","622045","19906","585"
"2","13","Edison, Tesla & Co","Appliances","0","0","0"
"2","13","Kolben, Daněk","Appliances","2070215","56403","1735"
"2","13","International Kitchen Machines","Appliances","0","0","0"
"2","14","Prometheus Publishing","Books","0","0","0"
"2","14","Heracles Print","Books","0","0","0"
"2","15","Prometheus Publishing","Books","2094779","68942","2069"
"2","15","Heracles Print","Books","0","0","0"
"2","15","Savvy Machines","Appliances","0","0","0"
"2","16","Venus and Sons","Books","0","0","0"
"2","16","Savvy Machines","Appliances","0","0","0"
"2","16","Kolben, Daněk","Appliances","2114179","64685","1936"
"2","17","Prometheus Publishing","Books","0","0","0"
"2","17","Heracles Print","Books","2453631","72603","2376"
"2","17","Savvy Machines","Appliances","670120","19519","557"
"2","18","Prometheus Publishing","Books","0","0","0"
"2","18","Venus and Sons","Books","0","0","0"
"2","18","Heracles Print","Books","1224823","36155","1178"
"2","18","Edison, Tesla & Co","Appliances","0","0","0"
"2","18","Kolben, Daněk","Appliances","0","0","0"
"2","18","International Kitchen Machines","Appliances","1397058","39432","1119"
"2","19","Savvy Machines","Appliances","1240204","35574","999"
"2","19","Edison, Tesla & Co","Appliances","2219850","65502","1774"
"2","19","International Kitchen Machines","Appliances","2340026","75296","2469"
"2","20","Baccus, Apollo & Rosenkatz","Books","706472","22186","645"
"2","20","Savvy Machines","Appliances","0","0","0"
"2","20","Kolben, Daněk","Appliances","750038","21368","643"
"2","21","Venus and Sons","Books","1214792","38886","1156"
"2","21","Baccus, Apollo & Rosenkatz","Books","0","0","0"
"2","21","Heracles Print","Books","1197693","38134","1134"
"2","21","Savvy Machines","Appliances","2396801","75099","2051"
"2","21","International Kitchen Machines","Appliances","0","0","0"
"2","22","Venus and Sons","Books","0","0","0"
"2","22","Savvy Machines","Appliances","0","0","0"
"2","22","Kolben, Daněk","Appliances","0","0","0"
"2","23","Prometheus Publishing","Books","1126401","32153","910"
"2","23","Kolben, Daněk","Appliances","667783","19609","581"
"2","24","Venus and Sons","Books","0","0","0"
"2","25","Baccus, Apollo & Rosenkatz","Books","0","0","0"
"2","25","Heracles Print","Books","0","0","0"
"2","25","Savvy Machines","Appliances","0","0","0"
"2","25","Kolben, Daněk","Appliances","0","0","0"
"2","27","Prometheus Publishing","Books","0","0","0"
"2","27","Heracles Print","Books","1489979","44556","1400"
"2","28","Prometheus Publishing","Books","0","0","0"
"2","28","Heracles Print","Books","1246799","37305","1151"
"2","28","Edison, Tesla & Co","Appliances","2516602","68078","2144"
"2","28","Kolben, Daněk","Appliances","0","0","0"
"2","29","Prometheus Publishing","Books","0","0","0"
"2","29","Edison, Tesla & Co","Appliances","0","0","0"
"2","29","Kolben, Daněk","Appliances","0","0","0"
"2","29","International Kitchen Machines","Appliances","0","0","0"
"2","30","Prometheus Publishing","Books","2087069","88318","3831"
"2","30","Venus and Sons","Books","0","0","0"
"2","30","Heracles Print","Books","0","0","0"
"2","30","Kolben, Daněk","Appliances","0","0","0"
"2","30","International Kitchen Machines","Appliances","0","0","0"
"2","31","Prometheus Publishing","Books","1067035","42157","1816"
"2","31","Venus and Sons","Books","0","0","0"
"2","31","Baccus, Apollo & Rosenkatz","Books","1208519","45764","1822"
"2","31","Edison, Tesla & Co","Appliances","2355087","89465","3428"
"2","31","Kolben, Daněk","Appliances","2254140","99073","4027"
"2","32","Prometheus Publishing","Books","0","0","0"
"2","32","Venus and Sons","Books","690758","25603","943"
"2","32","Baccus, Apollo & Rosenkatz","Books","0","0","0"
"2","32","Heracles Print","Books","0","0","0"
"2","32","Edison, Tesla & Co","Appliances","2464559","101624","4153"
"2","33","Prometheus Publishing","Books","2120573","88393","3854"
"2","33","Venus and Sons","Books","0","0","0"
"2","33","Savvy Machines","Appliances","2237361","81676","3074"
"2","33","Edison, Tesla & Co","Appliances","0","0","0"
"2","33","International Kitchen Machines","Appliances","0","0","0"
"2","34","Venus and Sons","Books","0","0","0"
"2","34","Baccus, Apollo & Rosenkatz","Books","0","0","0"
"2","34","Heracles Print","Books","1187734","48228","1935"
"2","34","Savvy Machines","Appliances","0","0","0"
"2","34","Edison, Tesla & Co","Appliances","0","0","0"
"2","34","Kolben, Daněk","Appliances","2329969","97246","3858"
"2","35","Venus and Sons","Books","1051304","39315","1497"
"2","35","Savvy Machines","Appliances","0","0","0"
"2","35","Kolben, Daněk","Appliances","758276","31502","1321"
"2","36","Baccus, Apollo & Rosenkatz","Books","718817","29100","1113"
"2","36","International Kitchen Machines","Appliances","0","0","0"
"2","37","Prometheus Publishing","Books","1481107","63947","2772"
"2","37","Baccus, Apollo & Rosenkatz","Books","0","0","0"
"2","37","Heracles Print","Books","0","0","0"
"2","37","Savvy Machines","Appliances","1221355","52789","2299"
"2","37","Edison, Tesla & Co","Appliances","2126124","92300","3346"
"2","38","Venus and Sons","Books","684486","29599","1182"
"2","38","Baccus, Apollo & Rosenkatz","Books","0","0","0"
"2","38","Heracles Print","Books","2073475","86145","3230"
"2","38","Savvy Machines","Appliances","1156873","49606","1794"
"2","39","Kolben, Daněk","Appliances","0","0","0"
"2","39","International Kitchen Machines","Appliances","0","0","0"
"2","40","Prometheus Publishing","Books","679146","29036","1156"
"2","40","Venus and Sons","Books","0","0","0"
"2","40","Baccus, Apollo & Rosenkatz","Books","0","0","0"
"2","40","Edison, Tesla & Co","Appliances","0","0","0"
"2","40","International Kitchen Machines","Appliances","2477362","91692","3313"
"2","41","Heracles Print","Books","0","0","0"
"2","41","Edison, Tesla & Co","Appliances","2154992","93039","3569"
"2","41","Kolben, Daněk","Appliances","0","0","0"
"2","42","Heracles Print","Books","0","0","0"
"2","42","Kolben, Daněk","Appliances","753055","31650","1345"
"2","43","Venus and Sons","Books","0","0","0"
"2","43","Baccus, Apollo & Rosenkatz","Books","0","0","0"
"2","43","Savvy Machines","Appliances","0","0","0"
"2","44","Venus and Sons","Books","0","0","0"
"2","44","Heracles Print","Books","1406130","60564","2190"
"2","44","Edison, Tesla & Co","Appliances","1383805","52952","2178"
"2","44","International Kitchen Machines","Appliances","0","0","0"
"1","48","Kolben, Daněk","Appliances","0","0","0"
"2","1","Savvy Machines","Appliances","671103","21958","668"
"2","13","Savvy Machines","Appliances","0","0","0"
"2","20","International Kitchen Machines","Appliances","0","0","0"
"2","22","Heracles Print","Books","1411131","44441","1319"
"2","26","International Kitchen Machines","Appliances","0","0","0"
"2","33","Kolben, Daněk","Appliances","2414833","96290","3467"
"2","35","Prometheus Publishing","Books","0","0","0"
"2","36","Prometheus Publishing","Books","0","0","0"
"2","40","Kolben, Daněk","Appliances","0","0","0"
"2","45","Prometheus Publishing","Books","646205","23778","951"
"2","45","Venus and Sons","Books","1163972","47637","1747"
"2","45","Baccus, Apollo & Rosenkatz","Books","0","0","0"
"2","45","Heracles Print","Books","2483535","99872","4227"
"2","45","Savvy Machines","Appliances","0","0","0"
"2","45","Edison, Tesla & Co","Appliances","0","0","0"
"2","45","Kolben, Daněk","Appliances","0","0","0"
"2","45","International Kitchen Machines","Appliances","2369736","99859","4335"
"2","46","Venus and Sons","Books","0","0","0"
"2","46","Baccus, Apollo & Rosenkatz","Books","0","0","0"
"2","46","Heracles Print","Books","0","0","0"
"2","46","Savvy Machines","Appliances","1126640","42940","1681"
"2","46","Edison, Tesla & Co","Appliances","0","0","0"
"2","46","Kolben, Daněk","Appliances","0","0","0"
"2","46","International Kitchen Machines","Appliances","666071","24193","874"
"2","47","Prometheus Publishing","Books","659060","24611","952"
"2","47","Venus and Sons","Books","0","0","0"
"2","47","Baccus, Apollo & Rosenkatz","Books","0","0","0"
"2","47","Heracles Print","Books","0","0","0"
"2","47","Savvy Machines","Appliances","0","0","0"
"2","21","Edison, Tesla & Co","Appliances","0","0","0"
"2","26","Venus and Sons","Books","718082","23348","637"
"2","29","Savvy Machines","Appliances","0","0","0"
"2","36","Edison, Tesla & Co","Appliances","631738","23854","1001"
"2","36","Kolben, Daněk","Appliances","0","0","0"
"2","38","International Kitchen Machines","Appliances","2138913","88802","3221"
"2","43","Prometheus Publishing","Books","1510684","57505","2201"
"2","43","International Kitchen Machines","Appliances","0","0","0"
"2","46","Prometheus Publishing","Books","703302","30840","1288"
"2","47","Edison, Tesla & Co","Appliances","0","0","0"
"2","47","Kolben, Daněk","Appliances","0","0","0"
"2","47","International Kitchen Machines","Appliances","1074004","41596","1606"
"2","48","Prometheus Publishing","Books","0","0","0"
"2","48","Venus and Sons","Books","692478","28614","1174"
"2","48","Baccus, Apollo & Rosenkatz","Books","0","0","0"
"2","48","Heracles Print","Books","0","0","0"
"2","48","Savvy Machines","Appliances","661849","25966","968"
"2","48","Kolben, Daněk","Appliances","0","0","0"
"2","49","Prometheus Publishing","Books","1333635","57656","2236"
"2","49","Venus and Sons","Books","0","0","0"
"2","49","Baccus, Apollo & Rosenkatz","Books","0","0","0"
"2","49","Heracles Print","Books","1069516","40115","1546"
"2","49","Savvy Machines","Appliances","0","0","0"
"2","49","Edison, Tesla & Co","Appliances","752731","32374","1420"
"2","49","Kolben, Daněk","Appliances","1208109","49258","2107"
"2","50","Prometheus Publishing","Books","0","0","0"
"2","50","Venus and Sons","Books","0","0","0"
"2","50","Baccus, Apollo & Rosenkatz","Books","0","0","0"
"2","50","Heracles Print","Books","0","0","0"
"2","50","Savvy Machines","Appliances","0","0","0"
"2","50","Edison, Tesla & Co","Appliances","0","0","0"
"2","50","Kolben, Daněk","Appliances","0","0","0"
"2","50","International Kitchen Machines","Appliances","1438368","49472","1895"
"2","51","Prometheus Publishing","Books","758213","24834","943"
"2","51","Venus and Sons","Books","0","0","0"
"2","51","Baccus, Apollo & Rosenkatz","Books","663453","21680","812"
"2","51","Heracles Print","Books","0","0","0"
"2","51","Savvy Machines","Appliances","0","0","0"
"2","51","Edison, Tesla & Co","Appliances","0","0","0"
"2","51","Kolben, Daněk","Appliances","0","0","0"
"2","52","Prometheus Publishing","Books","1191695","45402","1667"
"2","52","Baccus, Apollo & Rosenkatz","Books","0","0","0"
"2","52","Heracles Print","Books","2497410","78945","2980"
"2","52","Savvy Machines","Appliances","0","0","0"
"2","52","Edison, Tesla & Co","Appliances","2300589","84715","2887"
"2","52","Kolben, Daněk","Appliances","0","0","0"
"2","52","International Kitchen Machines","Appliances","1102653","37428","1238"
"3","1","Prometheus Publishing","Books","0","0","0"
"3","1","Venus and Sons","Books","1733830","56693","1860"
"3","1","Baccus, Apollo & Rosenkatz","Books","870636","26488","776"
"3","1","Heracles Print","Books","0","0","0"
"3","1","Savvy Machines","Appliances","0","0","0"
"3","1","Edison, Tesla & Co","Appliances","0","0","0"
"3","1","Kolben, Daněk","Appliances","0","0","0"
"3","1","International Kitchen Machines","Appliances","0","0","0"
"3","2","Prometheus Publishing","Books","836070","23855","748"
"3","2","Venus and Sons","Books","0","0","0"
"3","2","Baccus, Apollo & Rosenkatz","Books","2842138","78092","2133"
"3","2","Heracles Print","Books","1567043","51623","1690"
"3","2","Savvy Machines","Appliances","2557042","70637","2005"
"3","2","Edison, Tesla & Co","Appliances","1204681","35231","964"
"3","2","Kolben, Daněk","Appliances","1379299","41764","1269"
"3","2","International Kitchen Machines","Appliances","0","0","0"
"3","3","Prometheus Publishing","Books","0","0","0"
"3","3","Venus and Sons","Books","0","0","0"
"3","3","Baccus, Apollo & Rosenkatz","Books","2570548","70714","2157"
"3","3","Heracles Print","Books","0","0","0"
"3","3","Savvy Machines","Appliances","0","0","0"
"3","3","Edison, Tesla & Co","Appliances","0","0","0"
"3","3","Kolben, Daněk","Appliances","1661224","49222","1607"
"3","3","International Kitchen Machines","Appliances","0","0","0"
"3","4","Venus and Sons","Books","723017","20902","684"
"3","4","Baccus, Apollo & Rosenkatz","Books","1275063","39013","1266"
"3","4","Heracles Print","Books","777260","21972","606"
"3","4","Savvy Machines","Appliances","0","0","0"
"3","4","Edison, Tesla & Co","Appliances","0","0","0"
"3","4","Kolben, Daněk","Appliances","0","0","0"
"3","4","International Kitchen Machines","Appliances","0","0","0"
"3","5","Prometheus Publishing","Books","1330742","43819","1368"
"3","5","Venus and Sons","Books","0","0","0"
"3","5","Baccus, Apollo & Rosenkatz","Books","0","0","0"
"3","5","Heracles Print","Books","0","0","0"
"3","5","Savvy Machines","Appliances","0","0","0"
"3","5","Kolben, Daněk","Appliances","1435635","44812","1428"
"3","5","International Kitchen Machines","Appliances","0","0","0"
"3","6","Prometheus Publishing","Books","0","0","0"
"3","6","Venus and Sons","Books","2802598","81496","2344"
"3","6","Baccus, Apollo & Rosenkatz","Books","1441349","43460","1239"
"3","6","Heracles Print","Books","0","0","0"
"3","6","Edison, Tesla & Co","Appliances","1558971","49910","1584"
"3","6","Kolben, Daněk","Appliances","0","0","0"
"3","6","International Kitchen Machines","Appliances","0","0","0"
"3","7","Prometheus Publishing","Books","0","0","0"
"3","7","Venus and Sons","Books","0","0","0"
"3","7","Baccus, Apollo & Rosenkatz","Books","766438","25197","782"
"3","7","Heracles Print","Books","816329","24711","745"
"3","7","Savvy Machines","Appliances","1441887","45595","1453"
"3","7","Edison, Tesla & Co","Appliances","0","0","0"
"3","7","Kolben, Daněk","Appliances","798058","25546","719"
"3","7","International Kitchen Machines","Appliances","0","0","0"
"3","8","Prometheus Publishing","Books","0","0","0"
"3","8","Venus and Sons","Books","0","0","0"
"3","8","Baccus, Apollo & Rosenkatz","Books","0","0","0"
"3","8","Heracles Print","Books","0","0","0"
"3","8","Savvy Machines","Appliances","0","0","0"
"3","8","Edison, Tesla & Co","Appliances","1718272","53803","1642"
"3","8","Kolben, Daněk","Appliances","0","0","0"
"3","8","International Kitchen Machines","Appliances","0","0","0"
"3","9","Prometheus Publishing","Books","1693121","49759","1613"
"3","9","Venus and Sons","Books","1383942","44960","1228"
"3","9","Heracles Print","Books","1560492","43891","1335"
"3","9","Edison, Tesla & Co","Appliances","0","0","0"
"3","9","Kolben, Daněk","Appliances","821540","25957","830"
"3","9","International Kitchen Machines","Appliances","0","0","0"
"3","10","Venus and Sons","Books","2551892","84205","2470"
"3","10","Baccus, Apollo & Rosenkatz","Books","1191036","32913","1021"
"3","10","Heracles Print","Books","0","0","0"
"3","10","Savvy Machines","Appliances","836834","24895","723"
"3","10","Edison, Tesla & Co","Appliances","2569929","84304","2729"
"3","10","Kolben, Daněk","Appliances","0","0","0"
"3","10","International Kitchen Machines","Appliances","788436","25666","800"
"3","11","Prometheus Publishing","Books","0","0","0"
"3","11","Venus and Sons","Books","0","0","0"
"3","11","Heracles Print","Books","0","0","0"
"3","11","Savvy Machines","Appliances","1588250","49277","1380"
"3","11","Edison, Tesla & Co","Appliances","0","0","0"
"3","11","Kolben, Daněk","Appliances","0","0","0"
"3","11","International Kitchen Machines","Appliances","0","0","0"
"3","12","Prometheus Publishing","Books","1236390","40257","1139"
"3","12","Venus and Sons","Books","0","0","0"
"3","12","Baccus, Apollo & Rosenkatz","Books","2685622","83634","2527"
"3","12","Kolben, Daněk","Appliances","0","0","0"
"3","12","International Kitchen Machines","Appliances","0","0","0"
"3","13","Prometheus Publishing","Books","0","0","0"
"3","13","Venus and Sons","Books","0","0","0"
"3","13","Baccus, Apollo & Rosenkatz","Books","2657402","75800","2315"
"3","13","Heracles Print","Books","1444001","41252","1267"
"3","13","Savvy Machines","Appliances","0","0","0"
"3","13","Edison, Tesla & Co","Appliances","0","0","0"
"3","13","Kolben, Daněk","Appliances","0","0","0"
"3","13","International Kitchen Machines","Appliances","811533","24956","709"
"3","14","Baccus, Apollo & Rosenkatz","Books","1516962","43219","1411"
"3","14","Heracles Print","Books","2452063","68217","2193"
"3","14","Savvy Machines","Appliances","0","0","0"
"3","14","Edison, Tesla & Co","Appliances","0","0","0"
"3","14","International Kitchen Machines","Appliances","0","0","0"
"3","15","Prometheus Publishing","Books","0","0","0"
"3","15","Venus and Sons","Books","0","0","0"
"3","15","Baccus, Apollo & Rosenkatz","Books","0","0","0"
"3","15","Heracles Print","Books","2891231","88821","2508"
"3","15","Savvy Machines","Appliances","0","0","0"
"3","15","Edison, Tesla & Co","Appliances","0","0","0"
"3","15","Kolben, Daněk","Appliances","0","0","0"
"3","16","Prometheus Publishing","Books","0","0","0"
"3","16","Venus and Sons","Books","0","0","0"
"3","16","Baccus, Apollo & Rosenkatz","Books","1568826","49928","1633"
"3","16","Savvy Machines","Appliances","1229700","37917","1249"
"3","16","Edison, Tesla & Co","Appliances","1437700","42522","1157"
"2","49","International Kitchen Machines","Appliances","0","0","0"
"3","6","Savvy Machines","Appliances","0","0","0"
"3","9","Baccus, Apollo & Rosenkatz","Books","744256","20488","596"
"3","9","Savvy Machines","Appliances","2654619","77298","2458"
"3","10","Prometheus Publishing","Books","859795","23501","678"
"3","12","Heracles Print","Books","0","0","0"
"3","12","Edison, Tesla & Co","Appliances","0","0","0"
"3","14","Prometheus Publishing","Books","0","0","0"
"3","15","International Kitchen Machines","Appliances","0","0","0"
"3","16","Heracles Print","Books","0","0","0"
"3","16","Kolben, Daněk","Appliances","800085","24018","749"
"3","16","International Kitchen Machines","Appliances","0","0","0"
"3","17","Prometheus Publishing","Books","863979","26037","719"
"3","17","Venus and Sons","Books","0","0","0"
"3","17","Baccus, Apollo & Rosenkatz","Books","0","0","0"
"3","17","Heracles Print","Books","1324280","42807","1380"
"3","17","Savvy Machines","Appliances","0","0","0"
"3","17","Edison, Tesla & Co","Appliances","0","0","0"
"3","17","Kolben, Daněk","Appliances","2483018","69113","2081"
"3","17","International Kitchen Machines","Appliances","2825679","86690","2583"
"3","18","Prometheus Publishing","Books","0","0","0"
"3","18","Venus and Sons","Books","0","0","0"
"3","18","Baccus, Apollo & Rosenkatz","Books","0","0","0"
"3","18","Heracles Print","Books","0","0","0"
"3","18","Kolben, Daněk","Appliances","0","0","0"
"3","18","International Kitchen Machines","Appliances","2886048","80086","2587"
"3","19","Prometheus Publishing","Books","0","0","0"
"3","19","Baccus, Apollo & Rosenkatz","Books","0","0","0"
"3","19","Savvy Machines","Appliances","1536116","49177","1364"
"3","19","Edison, Tesla & Co","Appliances","2725913","79087","2246"
"3","19","Kolben, Daněk","Appliances","0","0","0"
"3","19","International Kitchen Machines","Appliances","0","0","0"
"3","20","Prometheus Publishing","Books","0","0","0"
"3","20","Baccus, Apollo & Rosenkatz","Books","0","0","0"
"3","20","Heracles Print","Books","1542756","42370","1332"
"3","20","Savvy Machines","Appliances","0","0","0"
"3","20","Kolben, Daněk","Appliances","0","0","0"
"3","20","International Kitchen Machines","Appliances","0","0","0"
"3","21","Prometheus Publishing","Books","2743072","81607","2562"
"3","21","Venus and Sons","Books","1472152","45011","1421"
"3","21","Baccus, Apollo & Rosenkatz","Books","0","0","0"
"3","21","Heracles Print","Books","0","0","0"
"3","21","Savvy Machines","Appliances","0","0","0"
"3","21","Edison, Tesla & Co","Appliances","0","0","0"
"3","21","Kolben, Daněk","Appliances","0","0","0"
"3","21","International Kitchen Machines","Appliances","1528839","48763","1477"
"3","22","Prometheus Publishing","Books","1366642","38847","1116"
"3","22","Baccus, Apollo & Rosenkatz","Books","827958","27295","775"
"3","22","Heracles Print","Books","1375176","37405","1132"
"3","22","Savvy Machines","Appliances","0","0","0"
"3","22","Edison, Tesla & Co","Appliances","0","0","0"
"3","22","Kolben, Daněk","Appliances","1430175","41424","1328"
"3","22","International Kitchen Machines","Appliances","0","0","0"
"3","23","Prometheus Publishing","Books","1399978","42098","1343"
"3","23","Heracles Print","Books","1444011","39620","1306"
"3","23","Savvy Machines","Appliances","1450870","43785","1266"
"3","23","Edison, Tesla & Co","Appliances","0","0","0"
"3","23","Kolben, Daněk","Appliances","1288210","41362","1135"
"3","24","Prometheus Publishing","Books","0","0","0"
"3","24","Venus and Sons","Books","0","0","0"
"3","24","Baccus, Apollo & Rosenkatz","Books","1418670","44864","1322"
"3","24","Heracles Print","Books","1365884","41638","1315"
"3","24","Savvy Machines","Appliances","1682411","50570","1454"
"3","24","Edison, Tesla & Co","Appliances","0","0","0"
"3","24","Kolben, Daněk","Appliances","0","0","0"
"3","24","International Kitchen Machines","Appliances","0","0","0"
"3","25","Prometheus Publishing","Books","0","0","0"
"3","25","Venus and Sons","Books","0","0","0"
"3","25","Baccus, Apollo & Rosenkatz","Books","0","0","0"
"3","25","Heracles Print","Books","0","0","0"
"3","25","Savvy Machines","Appliances","0","0","0"
"3","25","Edison, Tesla & Co","Appliances","0","0","0"
"3","25","Kolben, Daněk","Appliances","1655634","52789","1731"
"3","25","International Kitchen Machines","Appliances","1700621","48309","1567"
"3","26","Prometheus Publishing","Books","0","0","0"
"3","26","Venus and Sons","Books","858245","23282","750"
"3","26","Baccus, Apollo & Rosenkatz","Books","0","0","0"
"3","26","Heracles Print","Books","1535628","46668","1304"
"3","26","Savvy Machines","Appliances","825792","22641","733"
"3","26","Edison, Tesla & Co","Appliances","0","0","0"
"3","26","Kolben, Daněk","Appliances","0","0","0"
"3","27","Prometheus Publishing","Books","1458384","43713","1322"
"3","27","Venus and Sons","Books","0","0","0"
"3","27","Baccus, Apollo & Rosenkatz","Books","1487632","44816","1357"
"3","27","Heracles Print","Books","1346349","37657","1236"
"3","27","Savvy Machines","Appliances","0","0","0"
"3","27","Edison, Tesla & Co","Appliances","1554896","44307","1420"
"3","27","Kolben, Daněk","Appliances","0","0","0"
"3","27","International Kitchen Machines","Appliances","2788991","82844","2584"
"3","28","Baccus, Apollo & Rosenkatz","Books","0","0","0"
"3","28","Heracles Print","Books","1241689","36010","1124"
"3","28","Savvy Machines","Appliances","0","0","0"
"3","28","Edison, Tesla & Co","Appliances","1308979","39985","1147"
"3","28","Kolben, Daněk","Appliances","0","0","0"
"3","28","International Kitchen Machines","Appliances","1202820","37623","1194"
"3","29","Venus and Sons","Books","0","0","0"
"3","29","Baccus, Apollo & Rosenkatz","Books","1447612","42459","1151"
"3","29","Heracles Print","Books","2819571","76489","2291"
"3","29","Savvy Machines","Appliances","0","0","0"
"3","29","Edison, Tesla & Co","Appliances","0","0","0"
"3","29","Kolben, Daněk","Appliances","0","0","0"
"3","29","International Kitchen Machines","Appliances","782173","25375","742"
"3","30","Prometheus Publishing","Books","2787134","114142","5000"
"3","30","Venus and Sons","Books","1218711","52413","2262"
"3","30","Baccus, Apollo & Rosenkatz","Books","0","0","0"
"3","30","Heracles Print","Books","0","0","0"
"3","30","Savvy Machines","Appliances","1313302","54434","2285"
"3","30","Edison, Tesla & Co","Appliances","773802","30266","1150"
"3","30","Kolben, Daněk","Appliances","2601786","112277","4688"
"3","30","International Kitchen Machines","Appliances","0","0","0"
"3","31","Prometheus Publishing","Books","0","0","0"
"3","31","Venus and Sons","Books","0","0","0"
"3","31","Baccus, Apollo & Rosenkatz","Books","0","0","0"
"3","31","Heracles Print","Books","0","0","0"
"3","31","Savvy Machines","Appliances","1549783","62372","2524"
"3","31","Edison, Tesla & Co","Appliances","1438473","58410","2324"
"3","31","Kolben, Daněk","Appliances","0","0","0"
"3","31","International Kitchen Machines","Appliances","759140","32959","1396"
"3","32","Prometheus Publishing","Books","0","0","0"
"3","32","Venus and Sons","Books","0","0","0"
"3","32","Baccus, Apollo & Rosenkatz","Books","0","0","0"
"3","32","Heracles Print","Books","0","0","0"
"3","32","Savvy Machines","Appliances","1433460","59312","2205"
"3","32","Edison, Tesla & Co","Appliances","0","0","0"
"3","32","International Kitchen Machines","Appliances","740222","31062","1155"
"3","33","Prometheus Publishing","Books","1509587","56530","2210"
"3","33","Baccus, Apollo & Rosenkatz","Books","2714132","117131","4600"
"3","33","Heracles Print","Books","0","0","0"
"3","33","Savvy Machines","Appliances","0","0","0"
"3","33","Edison, Tesla & Co","Appliances","2714703","102378","4151"
"3","33","Kolben, Daněk","Appliances","0","0","0"
"3","33","International Kitchen Machines","Appliances","0","0","0"
"3","34","Prometheus Publishing","Books","0","0","0"
"3","34","Venus and Sons","Books","0","0","0"
"3","34","Baccus, Apollo & Rosenkatz","Books","0","0","0"
"3","34","Savvy Machines","Appliances","0","0","0"
"3","34","Kolben, Daněk","Appliances","1365087","53837","1944"
"3","34","International Kitchen Machines","Appliances","0","0","0"
"3","35","Prometheus Publishing","Books","0","0","0"
"3","35","Venus and Sons","Books","1647441","68714","2683"
"3","35","Baccus, Apollo & Rosenkatz","Books","0","0","0"
"3","35","Edison, Tesla & Co","Appliances","848356","35956","1559"
"3","35","Kolben, Daněk","Appliances","1715112","69220","2707"
"3","35","International Kitchen Machines","Appliances","0","0","0"
"3","36","Prometheus Publishing","Books","0","0","0"
"3","36","Venus and Sons","Books","0","0","0"
"3","36","Baccus, Apollo & Rosenkatz","Books","0","0","0"
"3","36","Heracles Print","Books","0","0","0"
"3","36","Savvy Machines","Appliances","0","0","0"
"3","36","Edison, Tesla & Co","Appliances","1611873","58419","2387"
"3","36","Kolben, Daněk","Appliances","816772","32876","1361"
"3","36","International Kitchen Machines","Appliances","0","0","0"
"3","37","Prometheus Publishing","Books","0","0","0"
"3","37","Venus and Sons","Books","1450464","57304","2245"
"3","37","Baccus, Apollo & Rosenkatz","Books","0","0","0"
"3","37","Heracles Print","Books","765255","28624","1088"
"3","37","Savvy Machines","Appliances","1361672","51763","1884"
"3","37","Edison, Tesla & Co","Appliances","2788824","117280","4784"
"3","37","Kolben, Daněk","Appliances","0","0","0"
"3","37","International Kitchen Machines","Appliances","0","0","0"
"3","38","Prometheus Publishing","Books","2493132","105610","4417"
"3","38","Venus and Sons","Books","0","0","0"
"3","19","Heracles Print","Books","0","0","0"
"3","22","Venus and Sons","Books","755079","24419","739"
"3","28","Prometheus Publishing","Books","1419038","40681","1263"
"3","33","Venus and Sons","Books","0","0","0"
"3","34","Heracles Print","Books","800003","30230","1202"
"3","38","Baccus, Apollo & Rosenkatz","Books","2514629","100388","3949"
"3","38","Heracles Print","Books","1335316","48609","2014"
"3","38","Savvy Machines","Appliances","0","0","0"
"3","38","Edison, Tesla & Co","Appliances","1289555","51392","1942"
"3","38","Kolben, Daněk","Appliances","782956","30475","1102"
"3","38","International Kitchen Machines","Appliances","769052","29132","1118"
"3","39","Prometheus Publishing","Books","0","0","0"
"3","39","Venus and Sons","Books","0","0","0"
"3","39","Heracles Print","Books","0","0","0"
"3","39","Savvy Machines","Appliances","0","0","0"
"3","39","Edison, Tesla & Co","Appliances","2497428","96216","3636"
"3","39","Kolben, Daněk","Appliances","0","0","0"
"3","39","International Kitchen Machines","Appliances","0","0","0"
"3","40","Prometheus Publishing","Books","0","0","0"
"3","40","Venus and Sons","Books","0","0","0"
"3","40","Baccus, Apollo & Rosenkatz","Books","0","0","0"
"3","40","Heracles Print","Books","0","0","0"
"3","40","Savvy Machines","Appliances","0","0","0"
"3","40","Edison, Tesla & Co","Appliances","0","0","0"
"3","40","International Kitchen Machines","Appliances","0","0","0"
"3","41","Prometheus Publishing","Books","0","0","0"
"3","41","Venus and Sons","Books","0","0","0"
"3","41","Baccus, Apollo & Rosenkatz","Books","0","0","0"
"3","41","Heracles Print","Books","0","0","0"
"3","41","Edison, Tesla & Co","Appliances","0","0","0"
"3","41","Kolben, Daněk","Appliances","0","0","0"
"3","41","International Kitchen Machines","Appliances","0","0","0"
"3","42","Prometheus Publishing","Books","0","0","0"
"3","42","Baccus, Apollo & Rosenkatz","Books","0","0","0"
"3","42","Heracles Print","Books","0","0","0"
"3","42","Savvy Machines","Appliances","0","0","0"
"3","42","Edison, Tesla & Co","Appliances","0","0","0"
"3","42","Kolben, Daněk","Appliances","0","0","0"
"3","42","International Kitchen Machines","Appliances","0","0","0"
"3","43","Prometheus Publishing","Books","0","0","0"
"3","43","Venus and Sons","Books","0","0","0"
"3","43","Baccus, Apollo & Rosenkatz","Books","0","0","0"
"3","43","Heracles Print","Books","850549","34677","1441"
"3","43","Savvy Machines","Appliances","1397352","50627","1971"
"3","43","Kolben, Daněk","Appliances","1617696","68351","2642"
"3","44","Prometheus Publishing","Books","0","0","0"
"3","44","Baccus, Apollo & Rosenkatz","Books","843497","32845","1365"
"3","44","Heracles Print","Books","0","0","0"
"3","44","Savvy Machines","Appliances","0","0","0"
"3","44","Edison, Tesla & Co","Appliances","0","0","0"
"3","44","Kolben, Daněk","Appliances","1489079","64860","2472"
"3","44","International Kitchen Machines","Appliances","2537373","97748","4222"
"3","45","Venus and Sons","Books","1323226","51244","2024"
"3","45","Baccus, Apollo & Rosenkatz","Books","0","0","0"
"3","45","Heracles Print","Books","822282","34540","1378"
"3","45","Savvy Machines","Appliances","0","0","0"
"3","45","Edison, Tesla & Co","Appliances","1473795","57719","2214"
"3","45","Kolben, Daněk","Appliances","0","0","0"
"3","45","International Kitchen Machines","Appliances","0","0","0"
"3","46","Prometheus Publishing","Books","1597639","60273","2603"
"3","46","Venus and Sons","Books","1530558","56260","2035"
"3","46","Baccus, Apollo & Rosenkatz","Books","0","0","0"
"3","46","Heracles Print","Books","0","0","0"
"3","46","Savvy Machines","Appliances","758919","33344","1354"
"3","46","Edison, Tesla & Co","Appliances","0","0","0"
"3","46","Kolben, Daněk","Appliances","0","0","0"
"3","46","International Kitchen Machines","Appliances","0","0","0"
"3","47","Prometheus Publishing","Books","0","0","0"
"3","47","Venus and Sons","Books","0","0","0"
"3","47","Heracles Print","Books","0","0","0"
"3","47","Savvy Machines","Appliances","1262061","54026","2236"
"3","47","Edison, Tesla & Co","Appliances","0","0","0"
"3","47","International Kitchen Machines","Appliances","0","0","0"
"3","48","Venus and Sons","Books","859728","34808","1342"
"3","48","Baccus, Apollo & Rosenkatz","Books","0","0","0"
"3","48","Heracles Print","Books","0","0","0"
"3","48","Savvy Machines","Appliances","0","0","0"
"3","48","Edison, Tesla & Co","Appliances","0","0","0"
"3","48","International Kitchen Machines","Appliances","2850337","107835","4056"
"3","49","Baccus, Apollo & Rosenkatz","Books","2394556","89344","3531"
"3","49","Heracles Print","Books","0","0","0"
"3","49","Savvy Machines","Appliances","0","0","0"
"3","49","Kolben, Daněk","Appliances","0","0","0"
"3","49","International Kitchen Machines","Appliances","0","0","0"
"3","50","Prometheus Publishing","Books","1610761","59906","2228"
"3","50","Venus and Sons","Books","0","0","0"
"3","50","Baccus, Apollo & Rosenkatz","Books","0","0","0"
"3","50","Heracles Print","Books","0","0","0"
"3","50","Edison, Tesla & Co","Appliances","0","0","0"
"3","50","International Kitchen Machines","Appliances","0","0","0"
"3","51","Prometheus Publishing","Books","801593","27144","973"
"3","51","Venus and Sons","Books","0","0","0"
"3","51","Heracles Print","Books","0","0","0"
"3","51","Savvy Machines","Appliances","0","0","0"
"3","51","International Kitchen Machines","Appliances","0","0","0"
"3","52","Prometheus Publishing","Books","0","0","0"
"3","52","Venus and Sons","Books","0","0","0"
"3","52","Baccus, Apollo & Rosenkatz","Books","2739869","104877","3510"
"3","52","Heracles Print","Books","0","0","0"
"3","52","Savvy Machines","Appliances","1300362","44975","1639"
"3","52","Kolben, Daněk","Appliances","0","0","0"
"3","52","International Kitchen Machines","Appliances","0","0","0"
"4","1","Prometheus Publishing","Books","1410386","40105","1105"
"4","1","Venus and Sons","Books","0","0","0"
"4","1","Baccus, Apollo & Rosenkatz","Books","940180","27718","754"
"4","1","Edison, Tesla & Co","Appliances","0","0","0"
"4","1","International Kitchen Machines","Appliances","0","0","0"
"4","2","Prometheus Publishing","Books","0","0","0"
"4","2","Venus and Sons","Books","0","0","0"
"4","2","Baccus, Apollo & Rosenkatz","Books","0","0","0"
"4","2","Heracles Print","Books","935531","26734","819"
"4","2","Edison, Tesla & Co","Appliances","0","0","0"
"4","2","Kolben, Daněk","Appliances","0","0","0"
"4","2","International Kitchen Machines","Appliances","0","0","0"
"4","3","Prometheus Publishing","Books","0","0","0"
"4","3","Venus and Sons","Books","0","0","0"
"4","3","Baccus, Apollo & Rosenkatz","Books","855937","25514","805"
"4","3","Heracles Print","Books","0","0","0"
"4","3","Savvy Machines","Appliances","0","0","0"
"4","3","Edison, Tesla & Co","Appliances","1786640","57012","1611"
"4","3","Kolben, Daněk","Appliances","1891491","53084","1708"
"4","3","International Kitchen Machines","Appliances","0","0","0"
"4","4","Prometheus Publishing","Books","1825680","49715","1368"
"4","4","Heracles Print","Books","0","0","0"
"4","4","Edison, Tesla & Co","Appliances","0","0","0"
"4","5","Prometheus Publishing","Books","0","0","0"
"4","5","Venus and Sons","Books","884458","26185","787"
"4","5","Savvy Machines","Appliances","0","0","0"
"4","5","Edison, Tesla & Co","Appliances","1937117","62153","2049"
"4","5","Kolben, Daněk","Appliances","940990","26619","837"
"4","6","Prometheus Publishing","Books","0","0","0"
"4","6","Venus and Sons","Books","0","0","0"
"4","6","Baccus, Apollo & Rosenkatz","Books","0","0","0"
"4","6","Heracles Print","Books","0","0","0"
"4","6","Savvy Machines","Appliances","1399669","38079","1141"
"4","6","Edison, Tesla & Co","Appliances","0","0","0"
"4","6","Kolben, Daněk","Appliances","0","0","0"
"4","7","Prometheus Publishing","Books","3154527","90440","2940"
"4","7","Heracles Print","Books","0","0","0"
"4","7","Savvy Machines","Appliances","1659708","50896","1496"
"4","7","Kolben, Daněk","Appliances","0","0","0"
"4","7","International Kitchen Machines","Appliances","1692866","55387","1824"
"4","8","Baccus, Apollo & Rosenkatz","Books","0","0","0"
"4","8","Savvy Machines","Appliances","0","0","0"
"4","8","Edison, Tesla & Co","Appliances","0","0","0"
"4","8","Kolben, Daněk","Appliances","0","0","0"
"4","8","International Kitchen Machines","Appliances","1989391","60637","1944"
"4","9","Prometheus Publishing","Books","3203469","93195","2853"
"4","9","Venus and Sons","Books","1394797","39002","1084"
"4","9","Heracles Print","Books","0","0","0"
"4","9","Savvy Machines","Appliances","0","0","0"
"4","9","Edison, Tesla & Co","Appliances","0","0","0"
"4","9","Kolben, Daněk","Appliances","3291535","101318","3018"
"4","9","International Kitchen Machines","Appliances","0","0","0"
"4","10","Prometheus Publishing","Books","0","0","0"
"4","10","Venus and Sons","Books","2981725","90632","2558"
"4","10","Baccus, Apollo & Rosenkatz","Books","0","0","0"
"4","10","Heracles Print","Books","0","0","0"
"4","10","Savvy Machines","Appliances","0","0","0"
"4","10","Edison, Tesla & Co","Appliances","821590","24269","736"
"4","10","Kolben, Daněk","Appliances","0","0","0"
"4","10","International Kitchen Machines","Appliances","1738758","49418","1354"
"4","1","Kolben, Daněk","Appliances","1740228","55246","1780"
"4","4","International Kitchen Machines","Appliances","0","0","0"
"4","11","Prometheus Publishing","Books","843928","24746","739"
"4","11","Venus and Sons","Books","1493994","46325","1519"
"4","11","Heracles Print","Books","2770696","81883","2368"
"4","11","Savvy Machines","Appliances","0","0","0"
"4","11","Edison, Tesla & Co","Appliances","0","0","0"
"4","11","Kolben, Daněk","Appliances","1738889","56767","1834"
"4","11","International Kitchen Machines","Appliances","0","0","0"
"4","12","Prometheus Publishing","Books","0","0","0"
"4","12","Venus and Sons","Books","0","0","0"
"4","12","Baccus, Apollo & Rosenkatz","Books","1448415","43439","1269"
"4","12","Heracles Print","Books","0","0","0"
"4","12","Savvy Machines","Appliances","953799","28013","859"
"4","12","Kolben, Daněk","Appliances","931450","28319","811"
"4","12","International Kitchen Machines","Appliances","0","0","0"
"4","13","Prometheus Publishing","Books","1828278","54648","1624"
"4","13","Venus and Sons","Books","0","0","0"
"4","13","Baccus, Apollo & Rosenkatz","Books","2007270","60678","1991"
"4","13","Savvy Machines","Appliances","0","0","0"
"4","13","Edison, Tesla & Co","Appliances","0","0","0"
"4","13","Kolben, Daněk","Appliances","970067","30506","906"
"4","14","Prometheus Publishing","Books","0","0","0"
"4","14","Venus and Sons","Books","0","0","0"
"4","14","Baccus, Apollo & Rosenkatz","Books","0","0","0"
"4","14","Savvy Machines","Appliances","2878517","94324","3098"
"4","14","Edison, Tesla & Co","Appliances","975466","29132","860"
"4","14","Kolben, Daněk","Appliances","2948449","79683","2527"
"4","15","Prometheus Publishing","Books","0","0","0"
"4","15","Venus and Sons","Books","1762150","49070","1500"
"4","15","Baccus, Apollo & Rosenkatz","Books","1601857","46517","1462"
"4","15","Heracles Print","Books","1454583","43619","1392"
"4","15","Savvy Machines","Appliances","0","0","0"
"4","15","Edison, Tesla & Co","Appliances","1811493","51511","1532"
"4","15","Kolben, Daněk","Appliances","0","0","0"
"4","15","International Kitchen Machines","Appliances","957324","30603","827"
"4","16","Prometheus Publishing","Books","0","0","0"
"4","16","Baccus, Apollo & Rosenkatz","Books","846373","24832","727"
"4","16","Heracles Print","Books","0","0","0"
"4","16","Savvy Machines","Appliances","0","0","0"
"4","16","Kolben, Daněk","Appliances","0","0","0"
"4","16","International Kitchen Machines","Appliances","0","0","0"
"4","17","Prometheus Publishing","Books","0","0","0"
"4","17","Baccus, Apollo & Rosenkatz","Books","0","0","0"
"4","17","Heracles Print","Books","3242212","98919","2962"
"4","17","Edison, Tesla & Co","Appliances","0","0","0"
"4","17","Kolben, Daněk","Appliances","0","0","0"
"4","17","International Kitchen Machines","Appliances","0","0","0"
"4","18","Venus and Sons","Books","0","0","0"
"4","18","Heracles Print","Books","0","0","0"
"4","18","Savvy Machines","Appliances","0","0","0"
"4","18","Kolben, Daněk","Appliances","0","0","0"
"4","18","International Kitchen Machines","Appliances","0","0","0"
"4","19","Venus and Sons","Books","0","0","0"
"4","19","Baccus, Apollo & Rosenkatz","Books","859272","25785","724"
"4","19","Edison, Tesla & Co","Appliances","3256359","92897","2738"
"4","19","Kolben, Daněk","Appliances","1710272","56104","1841"
"4","19","International Kitchen Machines","Appliances","0","0","0"
"4","20","Prometheus Publishing","Books","0","0","0"
"4","20","Venus and Sons","Books","0","0","0"
"4","20","Baccus, Apollo & Rosenkatz","Books","0","0","0"
"4","20","Savvy Machines","Appliances","0","0","0"
"4","20","Edison, Tesla & Co","Appliances","0","0","0"
"4","20","Kolben, Daněk","Appliances","838365","27085","825"
"4","21","Prometheus Publishing","Books","0","0","0"
"4","21","Baccus, Apollo & Rosenkatz","Books","991561","27616","873"
"4","21","Savvy Machines","Appliances","0","0","0"
"4","21","Edison, Tesla & Co","Appliances","3204560","100041","3065"
"4","21","Kolben, Daněk","Appliances","0","0","0"
"4","21","International Kitchen Machines","Appliances","994448","30100","952"
"4","22","Prometheus Publishing","Books","1749486","47698","1295"
"4","22","Baccus, Apollo & Rosenkatz","Books","0","0","0"
"4","22","Heracles Print","Books","0","0","0"
"4","22","Savvy Machines","Appliances","0","0","0"
"4","22","Edison, Tesla & Co","Appliances","3158630","95849","2947"
"4","22","International Kitchen Machines","Appliances","0","0","0"
"4","23","Prometheus Publishing","Books","0","0","0"
"4","23","Venus and Sons","Books","0","0","0"
"4","23","Baccus, Apollo & Rosenkatz","Books","0","0","0"
"4","23","Heracles Print","Books","0","0","0"
"4","23","Savvy Machines","Appliances","0","0","0"
"4","23","Edison, Tesla & Co","Appliances","0","0","0"
"4","23","International Kitchen Machines","Appliances","1682414","51428","1465"
"4","24","Venus and Sons","Books","1861544","54197","1729"
"4","24","Baccus, Apollo & Rosenkatz","Books","1632252","45466","1352"
"4","24","Heracles Print","Books","0","0","0"
"4","24","Kolben, Daněk","Appliances","0","0","0"
"4","25","Prometheus Publishing","Books","1739037","48738","1484"
"4","25","Venus and Sons","Books","0","0","0"
"4","25","Baccus, Apollo & Rosenkatz","Books","0","0","0"
"4","25","Heracles Print","Books","0","0","0"
"4","25","Savvy Machines","Appliances","0","0","0"
"4","25","Edison, Tesla & Co","Appliances","0","0","0"
"4","25","Kolben, Daněk","Appliances","0","0","0"
"4","25","International Kitchen Machines","Appliances","0","0","0"
"4","26","Prometheus Publishing","Books","3000086","82358","2298"
"4","26","Savvy Machines","Appliances","0","0","0"
"4","26","Edison, Tesla & Co","Appliances","0","0","0"
"4","26","Kolben, Daněk","Appliances","0","0","0"
"4","26","International Kitchen Machines","Appliances","1650718","50164","1407"
"4","27","Prometheus Publishing","Books","0","0","0"
"4","27","Venus and Sons","Books","0","0","0"
"4","27","Baccus, Apollo & Rosenkatz","Books","3341824","100628","2777"
"4","27","Savvy Machines","Appliances","2784408","82587","2486"
"4","27","Edison, Tesla & Co","Appliances","0","0","0"
"4","27","Kolben, Daněk","Appliances","2914826","89989","2643"
"4","27","International Kitchen Machines","Appliances","1428630","44633","1403"
"4","28","Venus and Sons","Books","1665958","48374","1412"
"4","28","Baccus, Apollo & Rosenkatz","Books","0","0","0"
"4","28","Savvy Machines","Appliances","0","0","0"
"4","28","International Kitchen Machines","Appliances","0","0","0"
"4","29","Baccus, Apollo & Rosenkatz","Books","0","0","0"
"4","29","Heracles Print","Books","0","0","0"
"4","29","International Kitchen Machines","Appliances","1637574","52081","1647"
"4","30","Prometheus Publishing","Books","3185797","136614","5928"
"4","30","Venus and Sons","Books","0","0","0"
"4","30","Baccus, Apollo & Rosenkatz","Books","0","0","0"
"4","30","Savvy Machines","Appliances","1486898","59281","2447"
"4","30","Edison, Tesla & Co","Appliances","0","0","0"
"4","30","Kolben, Daněk","Appliances","0","0","0"
"4","31","Venus and Sons","Books","0","0","0"
"4","31","Baccus, Apollo & Rosenkatz","Books","0","0","0"
"4","31","Heracles Print","Books","0","0","0"
"4","31","Savvy Machines","Appliances","0","0","0"
"4","31","Edison, Tesla & Co","Appliances","1377380","53048","2176"
"4","31","Kolben, Daněk","Appliances","0","0","0"
"4","32","Prometheus Publishing","Books","0","0","0"
"4","32","Venus and Sons","Books","1396948","52385","2036"
"4","32","Baccus, Apollo & Rosenkatz","Books","1514981","63153","2758"
"4","32","Heracles Print","Books","0","0","0"
"4","32","Savvy Machines","Appliances","1556562","61259","2624"
"4","32","Kolben, Daněk","Appliances","0","0","0"
"4","32","International Kitchen Machines","Appliances","0","0","0"
"4","33","Heracles Print","Books","0","0","0"
"4","33","Edison, Tesla & Co","Appliances","0","0","0"
"4","34","Baccus, Apollo & Rosenkatz","Books","0","0","0"
"4","34","Heracles Print","Books","0","0","0"
"4","34","Kolben, Daněk","Appliances","0","0","0"
"4","34","International Kitchen Machines","Appliances","0","0","0"
"4","35","Prometheus Publishing","Books","0","0","0"
"4","35","Baccus, Apollo & Rosenkatz","Books","0","0","0"
"4","35","Heracles Print","Books","1427300","61649","2554"
"4","35","Edison, Tesla & Co","Appliances","2994294","115747","4270"
"4","35","International Kitchen Machines","Appliances","1892249","82507","2993"
"4","36","Savvy Machines","Appliances","1622485","68608","2874"
"4","36","Kolben, Daněk","Appliances","1434803","59947","2294"
"4","37","Venus and Sons","Books","0","0","0"
"4","37","Heracles Print","Books","0","0","0"
"4","37","Savvy Machines","Appliances","0","0","0"
"4","37","Edison, Tesla & Co","Appliances","0","0","0"
"4","37","International Kitchen Machines","Appliances","2802264","115306","4238"
"4","19","Prometheus Publishing","Books","1597854","49978","1367"
"4","23","Kolben, Daněk","Appliances","0","0","0"
"4","26","Heracles Print","Books","0","0","0"
"4","28","Heracles Print","Books","0","0","0"
"4","32","Edison, Tesla & Co","Appliances","1586254","65624","2535"
"4","33","Prometheus Publishing","Books","0","0","0"
"4","35","Venus and Sons","Books","3327396","125663","5249"
"4","37","Kolben, Daněk","Appliances","0","0","0"
"4","38","Prometheus Publishing","Books","0","0","0"
"4","38","Venus and Sons","Books","0","0","0"
"4","38","Heracles Print","Books","0","0","0"
"4","38","Savvy Machines","Appliances","0","0","0"
"4","38","Kolben, Daněk","Appliances","0","0","0"
"4","38","International Kitchen Machines","Appliances","0","0","0"
"4","39","Prometheus Publishing","Books","3034666","131955","5609"
"4","39","Savvy Machines","Appliances","0","0","0"
"4","39","Edison, Tesla & Co","Appliances","865068","32918","1342"
"4","39","International Kitchen Machines","Appliances","924422","37097","1568"
"4","40","Prometheus Publishing","Books","0","0","0"
"4","40","Baccus, Apollo & Rosenkatz","Books","0","0","0"
"4","40","Savvy Machines","Appliances","0","0","0"
"4","40","Edison, Tesla & Co","Appliances","0","0","0"
"4","40","International Kitchen Machines","Appliances","0","0","0"
"4","41","Prometheus Publishing","Books","1870768","80157","3401"
"4","41","Heracles Print","Books","1439057","54822","2160"
"4","41","Savvy Machines","Appliances","1641078","69448","2891"
"4","41","Edison, Tesla & Co","Appliances","0","0","0"
"4","41","Kolben, Daněk","Appliances","0","0","0"
"4","41","International Kitchen Machines","Appliances","0","0","0"
"4","42","Baccus, Apollo & Rosenkatz","Books","0","0","0"
"4","42","Heracles Print","Books","997194","37400","1389"
"4","42","Savvy Machines","Appliances","1436573","51796","2229"
"4","42","Edison, Tesla & Co","Appliances","0","0","0"
"4","42","Kolben, Daněk","Appliances","1601811","69053","2782"
"4","43","Prometheus Publishing","Books","1784878","72440","2747"
"4","43","Venus and Sons","Books","1751033","72213","2607"
"4","43","Baccus, Apollo & Rosenkatz","Books","1497598","62687","2587"
"4","43","Heracles Print","Books","948212","41055","1516"
"4","43","Savvy Machines","Appliances","3303215","145283","5690"
"4","44","Venus and Sons","Books","0","0","0"
"4","44","Heracles Print","Books","0","0","0"
"4","44","Kolben, Daněk","Appliances","0","0","0"
"4","45","Venus and Sons","Books","919392","37926","1551"
"4","45","Baccus, Apollo & Rosenkatz","Books","0","0","0"
"4","45","Savvy Machines","Appliances","0","0","0"
"4","45","Edison, Tesla & Co","Appliances","0","0","0"
"4","45","Kolben, Daněk","Appliances","0","0","0"
"4","45","International Kitchen Machines","Appliances","0","0","0"
"4","46","Prometheus Publishing","Books","1629564","59169","2212"
"4","46","Venus and Sons","Books","3335524","143034","5472"
"4","46","Baccus, Apollo & Rosenkatz","Books","3044894","124174","5069"
"4","46","Savvy Machines","Appliances","0","0","0"
"4","46","Edison, Tesla & Co","Appliances","0","0","0"
"4","47","Prometheus Publishing","Books","0","0","0"
"4","47","Baccus, Apollo & Rosenkatz","Books","0","0","0"
"4","47","Kolben, Daněk","Appliances","0","0","0"
"4","47","International Kitchen Machines","Appliances","1610353","68276","2922"
"4","48","Prometheus Publishing","Books","0","0","0"
"4","48","Venus and Sons","Books","0","0","0"
"4","48","Baccus, Apollo & Rosenkatz","Books","0","0","0"
"4","48","Savvy Machines","Appliances","0","0","0"
"4","48","Edison, Tesla & Co","Appliances","0","0","0"
"4","48","Kolben, Daněk","Appliances","0","0","0"
"4","48","International Kitchen Machines","Appliances","976161","38585","1619"
"4","49","Venus and Sons","Books","0","0","0"
"4","49","Baccus, Apollo & Rosenkatz","Books","2832103","104347","3835"
"4","49","Heracles Print","Books","2924503","126482","4878"
"4","49","Savvy Machines","Appliances","2991065","128846","5471"
"4","49","Edison, Tesla & Co","Appliances","1450041","57438","2318"
"4","49","Kolben, Daněk","Appliances","0","0","0"
"4","49","International Kitchen Machines","Appliances","0","0","0"
"4","50","Venus and Sons","Books","1742819","61470","2146"
"4","50","Baccus, Apollo & Rosenkatz","Books","0","0","0"
"4","50","Savvy Machines","Appliances","0","0","0"
"4","50","Edison, Tesla & Co","Appliances","2836489","106354","3886"
"4","50","Kolben, Daněk","Appliances","0","0","0"
"4","51","Venus and Sons","Books","858444","29656","982"
"4","51","Baccus, Apollo & Rosenkatz","Books","0","0","0"
"4","51","Kolben, Daněk","Appliances","1791984","61487","2014"
"4","52","Prometheus Publishing","Books","0","0","0"
"4","52","Baccus, Apollo & Rosenkatz","Books","868869","29115","1099"
"4","52","Heracles Print","Books","0","0","0"
"4","52","Savvy Machines","Appliances","1838691","60872","2099"
"4","52","Edison, Tesla & Co","Appliances","0","0","0"
"4","52","Kolben, Daněk","Appliances","0","0","0"
"4","52","International Kitchen Machines","Appliances","1496406","54400","1772"
"2","48","Edison, Tesla & Co","Appliances","0","0","0"
"2","48","International Kitchen Machines","Appliances","0","0","0"
"2","51","International Kitchen Machines","Appliances","0","0","0"
"2","52","Venus and Sons","Books","739599","26430","893"
"3","4","Prometheus Publishing","Books","0","0","0"
"3","5","Edison, Tesla & Co","Appliances","730678","21309","616"
"3","11","Baccus, Apollo & Rosenkatz","Books","0","0","0"
"3","12","Savvy Machines","Appliances","1410194","40073","1086"
"3","14","Venus and Sons","Books","835854","27557","787"
"3","14","Kolben, Daněk","Appliances","1316675","37522","1044"
"3","18","Savvy Machines","Appliances","0","0","0"
"3","18","Edison, Tesla & Co","Appliances","0","0","0"
"3","19","Venus and Sons","Books","2799016","87061","2481"
"3","20","Venus and Sons","Books","1386470","44038","1223"
"3","20","Edison, Tesla & Co","Appliances","0","0","0"
"3","23","Venus and Sons","Books","0","0","0"
"3","23","Baccus, Apollo & Rosenkatz","Books","2460116","78719","2127"
"3","23","International Kitchen Machines","Appliances","768042","20977","599"
"3","26","International Kitchen Machines","Appliances","1348540","37546","1035"
"3","28","Venus and Sons","Books","0","0","0"
"3","29","Prometheus Publishing","Books","0","0","0"
"3","32","Kolben, Daněk","Appliances","1469097","60327","2614"
"3","34","Edison, Tesla & Co","Appliances","0","0","0"
"3","35","Heracles Print","Books","0","0","0"
"3","35","Savvy Machines","Appliances","1595913","58469","2564"
"3","39","Baccus, Apollo & Rosenkatz","Books","0","0","0"
"3","40","Kolben, Daněk","Appliances","0","0","0"
"3","41","Savvy Machines","Appliances","0","0","0"
"3","42","Venus and Sons","Books","1269122","46553","1888"
"3","43","Edison, Tesla & Co","Appliances","1422202","55949","2187"
"3","43","International Kitchen Machines","Appliances","0","0","0"
"3","44","Venus and Sons","Books","0","0","0"
"3","45","Prometheus Publishing","Books","802080","33204","1353"
"3","47","Baccus, Apollo & Rosenkatz","Books","0","0","0"
"3","47","Kolben, Daněk","Appliances","2528841","101092","3978"
"3","48","Prometheus Publishing","Books","1571478","59591","2494"
"3","48","Kolben, Daněk","Appliances","0","0","0"
"3","49","Prometheus Publishing","Books","797668","30340","1284"
"3","49","Venus and Sons","Books","0","0","0"
"3","49","Edison, Tesla & Co","Appliances","751895","28052","1087"
"3","50","Kolben, Daněk","Appliances","1461233","52032","1920"
"3","51","Baccus, Apollo & Rosenkatz","Books","2417717","88634","3284"
"3","51","Edison, Tesla & Co","Appliances","0","0","0"
"3","51","Kolben, Daněk","Appliances","0","0","0"
"3","52","Edison, Tesla & Co","Appliances","768204","25020","848"
"4","1","Heracles Print","Books","1513706","42749","1286"
"4","1","Savvy Machines","Appliances","922589","26037","761"
"4","2","Savvy Machines","Appliances","2824602","91465","2955"
"4","4","Venus and Sons","Books","0","0","0"
"4","4","Baccus, Apollo & Rosenkatz","Books","0","0","0"
"4","4","Savvy Machines","Appliances","1547001","45586","1425"
"4","4","Kolben, Daněk","Appliances","0","0","0"
"4","5","Baccus, Apollo & Rosenkatz","Books","3057427","97827","3116"
"4","5","Heracles Print","Books","0","0","0"
"4","5","International Kitchen Machines","Appliances","969668","27498","889"
"4","6","International Kitchen Machines","Appliances","995308","27417","794"
"4","7","Venus and Sons","Books","0","0","0"
"4","7","Baccus, Apollo & Rosenkatz","Books","960463","28252","899"
"4","7","Edison, Tesla & Co","Appliances","0","0","0"
"4","8","Prometheus Publishing","Books","1417963","39859","1305"
"4","8","Venus and Sons","Books","0","0","0"
"4","8","Heracles Print","Books","854456","25480","755"
"4","9","Baccus, Apollo & Rosenkatz","Books","0","0","0"
"4","12","Edison, Tesla & Co","Appliances","0","0","0"
"4","13","International Kitchen Machines","Appliances","893526","28050","797"
"4","14","Heracles Print","Books","0","0","0"
"4","14","International Kitchen Machines","Appliances","878563","24941","799"
"4","16","Venus and Sons","Books","0","0","0"
"4","16","Edison, Tesla & Co","Appliances","1708215","55324","1578"
"4","17","Venus and Sons","Books","0","0","0"
"4","17","Savvy Machines","Appliances","906370","29055","845"
"4","18","Prometheus Publishing","Books","0","0","0"
"4","18","Baccus, Apollo & Rosenkatz","Books","0","0","0"
"4","19","Heracles Print","Books","919616","26424","845"
"4","19","Savvy Machines","Appliances","1876721","53653","1479"
"4","20","Heracles Print","Books","1573318","48993","1388"
"4","20","International Kitchen Machines","Appliances","1996276","55141","1813"
"4","21","Venus and Sons","Books","1385458","37527","1188"
"4","21","Heracles Print","Books","0","0","0"
"4","11","Baccus, Apollo & Rosenkatz","Books","0","0","0"
"4","22","Venus and Sons","Books","0","0","0"
"4","22","Kolben, Daněk","Appliances","0","0","0"
"4","24","Prometheus Publishing","Books","0","0","0"
"4","24","Savvy Machines","Appliances","0","0","0"
"4","24","Edison, Tesla & Co","Appliances","0","0","0"
"4","24","International Kitchen Machines","Appliances","0","0","0"
"4","26","Venus and Sons","Books","1466704","43999","1420"
"4","26","Baccus, Apollo & Rosenkatz","Books","965586","30066","911"
"4","27","Heracles Print","Books","0","0","0"
"4","28","Prometheus Publishing","Books","0","0","0"
"4","28","Edison, Tesla & Co","Appliances","2827818","82022","2502"
"4","29","Prometheus Publishing","Books","0","0","0"
"4","29","Venus and Sons","Books","0","0","0"
"4","29","Savvy Machines","Appliances","942751","30082","935"
"4","29","Edison, Tesla & Co","Appliances","840915","27347","806"
"4","29","Kolben, Daněk","Appliances","0","0","0"
"4","30","Heracles Print","Books","2004096","75948","2833"
"4","30","International Kitchen Machines","Appliances","0","0","0"
"4","31","Prometheus Publishing","Books","0","0","0"
"4","31","International Kitchen Machines","Appliances","0","0","0"
"4","33","Venus and Sons","Books","0","0","0"
"4","33","Baccus, Apollo & Rosenkatz","Books","3097658","131609","4987"
"4","33","Savvy Machines","Appliances","1672586","69426","2992"
"4","33","Kolben, Daněk","Appliances","1395806","51779","2156"
"4","33","International Kitchen Machines","Appliances","1630708","58971","2135"
"4","34","Prometheus Publishing","Books","1390862","60498","2405"
"4","34","Venus and Sons","Books","1452029","52904","2140"
"4","34","Savvy Machines","Appliances","0","0","0"
"4","34","Edison, Tesla & Co","Appliances","0","0","0"
"4","35","Savvy Machines","Appliances","1858190","77902","3132"
"4","35","Kolben, Daněk","Appliances","0","0","0"
"4","36","Prometheus Publishing","Books","0","0","0"
"4","36","Venus and Sons","Books","0","0","0"
"4","36","Baccus, Apollo & Rosenkatz","Books","978480","40670","1750"
"4","36","Edison, Tesla & Co","Appliances","0","0","0"
"4","37","Prometheus Publishing","Books","0","0","0"
"4","37","Baccus, Apollo & Rosenkatz","Books","0","0","0"
"4","38","Baccus, Apollo & Rosenkatz","Books","1588066","57700","2334"
"4","38","Edison, Tesla & Co","Appliances","2960988","119591","4817"
"4","39","Venus and Sons","Books","0","0","0"
"4","39","Baccus, Apollo & Rosenkatz","Books","2885504","106102","4657"
"4","39","Heracles Print","Books","0","0","0"
"4","39","Kolben, Daněk","Appliances","1406686","55547","2156"
"4","40","Venus and Sons","Books","0","0","0"
"4","40","Heracles Print","Books","976224","39362","1520"
"4","41","Venus and Sons","Books","1882499","75223","3004"
"4","41","Baccus, Apollo & Rosenkatz","Books","0","0","0"
"4","42","Prometheus Publishing","Books","0","0","0"
"4","42","Venus and Sons","Books","0","0","0"
"4","42","International Kitchen Machines","Appliances","1399882","57521","2387"
"4","43","Edison, Tesla & Co","Appliances","3190717","115111","4344"
"4","43","Kolben, Daněk","Appliances","1477531","62725","2455"
"4","43","International Kitchen Machines","Appliances","0","0","0"
"4","44","Prometheus Publishing","Books","0","0","0"
"4","44","Savvy Machines","Appliances","0","0","0"
"4","44","Edison, Tesla & Co","Appliances","2813113","103202","4403"
"4","44","International Kitchen Machines","Appliances","0","0","0"
"4","45","Prometheus Publishing","Books","0","0","0"
"4","45","Heracles Print","Books","0","0","0"
"4","46","Heracles Print","Books","0","0","0"
"4","46","Kolben, Daněk","Appliances","1419266","52191","2221"
"4","46","International Kitchen Machines","Appliances","2970843","111836","4043"
"4","47","Venus and Sons","Books","2792766","118579","4418"
"4","47","Heracles Print","Books","0","0","0"
"4","47","Savvy Machines","Appliances","976386","39929","1561"
"4","48","Heracles Print","Books","0","0","0"
"4","49","Prometheus Publishing","Books","0","0","0"
"4","50","Prometheus Publishing","Books","0","0","0"
"4","50","Heracles Print","Books","0","0","0"
"4","50","International Kitchen Machines","Appliances","938739","29624","959"
"4","51","Prometheus Publishing","Books","991521","35191","1265"
"4","51","Heracles Print","Books","885813","28125","982"
"4","51","Savvy Machines","Appliances","0","0","0"
"4","51","Edison, Tesla & Co","Appliances","0","0","0"
"4","51","International Kitchen Machines","Appliances","0","0","0"
"4","52","Venus and Sons","Books","0","0","0"
"3","50","Savvy Machines","Appliances","0","0","0"
"4","13","Heracles Print","Books","0","0","0"
"4","18","Edison, Tesla & Co","Appliances","3170694","87489","2503"
"4","28","Kolben, Daněk","Appliances","0","0","0"
"4","36","Heracles Print","Books","914231","36594","1526"
"4","36","International Kitchen Machines","Appliances","2861157","109326","4566"
"4","40","Kolben, Daněk","Appliances","0","0","0"
"4","44","Baccus, Apollo & Rosenkatz","Books","1795259","74431","2731"
"4","47","Edison, Tesla & Co","Appliances","0","0","0"
